time_utc,coin,dir_raw,direction,closedPnl,px,sz,fee,builderFee,liquidation,oid,tid,crossed,hash,startPosition
2026-06-26T02:13:39.324000+00:00,ETH,Close Short,SHORT,8.42832,1523.8,0.1951,0.133782,,,479872413961,1123163910526145,True,0x52d0bd4962667500544a043e90f86f020883002efd6993d2f699689c216a4eea,-0.1951
2026-06-26T12:05:50.185000+00:00,BTC,Close Short,SHORT,1.3272,59491.0,0.01185,0.317235,,,480355670514,590918098647739,True,0xeed6caf68dcf644ff050043e98cd69014700e2dc28c28321929f76494cc33e3a,-0.01185
2026-06-28T14:41:06.226000+00:00,REZ,Close Long,LONG,0.79035,0.003083,10538.0,0.014619,,,481852466137,390400152011092,True,0xa1046e6c9eac994fa27e043ec105d402012e005239afb82144cd19bf5da0733a,10538.0
2026-06-28T14:41:06.226000+00:00,REZ,Close Long,LONG,1.396575,0.003083,18621.0,0.025833,,,481852466137,526717238030550,True,0xa1046e6c9eac994fa27e043ec105d402012e005239afb82144cd19bf5da0733a,29159.0
2026-06-29T08:55:53.945000+00:00,TRX,Close Long,LONG,0.3696,0.32401,660.0,0.09623,,,482554174207,554021952171960,True,0x36e8637a71844d113862043ecf77a002029000600c876be3dab10ecd308826fb,660.0
2026-06-29T08:55:53.945000+00:00,TRX,Close Long,LONG,0.13384,0.32401,239.0,0.034847,,,482554174207,830220007075592,True,0x36e8637a71844d113862043ecf77a002029000600c876be3dab10ecd308826fb,899.0
2026-06-29T12:22:34.959000+00:00,CRV,Close Long,LONG,-2.47598,0.19164,1391.0,0.119957,,,482688773164,104245454809383,True,0xef4980da718f3544f0c3043ed2375b0204a900c00c82541693122c2d30830f2f,1391.0
2026-06-29T12:22:34.959000+00:00,CRV,Close Long,LONG,-0.252738,0.19171,147.8,0.01275,,,482688773164,806208250023875,True,0xef4980da718f3544f0c3043ed2375b0204a900c00c82541693122c2d30830f2f,1538.8
2026-06-29T18:23:12.709000+00:00,AERO,Close Short,SHORT,0.0033,0.47162,165.0,0.035017,,,483091135399,498406895853202,True,0x9344d3a7c1858a8094be043ed6fa18020138008d5c88a952370d7efa8089646b,-165.0
2026-06-29T20:30:46.455000+00:00,BTC,Close Short,SHORT,-6.93292,60403.0,0.00982,0.26692,,,483168861407,1039747332381331,True,0xd7f93cec61b3da65d972043ed8abfd01fa0054d1fcb6f9377bc1e83f20b7b450,-0.00982
2026-06-29T20:36:51.243000+00:00,GRASS,Close Short,SHORT,0.22764,0.47902,162.6,0.035049,,,483171485859,242688428838438,True,0x3a45e5916bae19613bbf043ed8c0b802010a007706a13833de0e90e42aa1f34b,-162.6
2026-06-30T01:04:35.778000+00:00,IMX,Close Short,SHORT,-0.00874,0.11956,218.5,0.011755,,,483302511398,759773822318009,True,0x6e619f368908b7ca6fdb043edc4c5b0203e1001c240bd69c122a4a89480c91b5,-218.5
2026-06-30T07:30:05.855000+00:00,EIGEN,Close Short,SHORT,-0.024244,0.2155,121.22,0.011755,,,483478619014,232366837239124,True,0x895ecf3e043ceae78ad8043ee16a890207a600239f3009b92d277a90c330c4d2,-121.22
2026-06-30T12:16:02.498000+00:00,WLD,Close Short,SHORT,0.268181,0.40791,127.1,0.02333,,,483623751231,689997463965691,True,0xfb9e4a609c89b8cefd18043ee534880202380046378cd7a19f66f5b35b8d92b9,-127.1
2026-06-30T13:01:02.316000+00:00,ETC,Close Short,SHORT,0.146264,6.9146,3.76,0.011699,,,483662705842,175084439077986,True,0xf7dff950096a7e16f959043ee5cd980212e60035a46d9ce99ba8a4a2c86e5801,-3.76
2026-06-30T15:25:12.297000+00:00,XMR,Close Short,SHORT,0.22344,306.13,0.084,0.011571,,,483836128895,839251876773633,True,0xa5fde2d2f0b81232a777043ee7b3a102023600b88bbb310449c68e25afbbec1d,-0.084
2026-06-30T22:14:02.142000+00:00,ZEC,Close Short,SHORT,0.2717,394.63,0.13,0.023085,,,484075942511,444902411100993,True,0x48d2cb15fdb257254a4c043eed1f8d0202ea00fb98b575f7ec9b7668bcb6310f,-0.13
2026-07-01T05:58:15.969000+00:00,MORPHO,Close Short,SHORT,-0.96021,1.9175,14.1,0.012166,,,484378417998,692325015993561,True,0x50911b4f0742e446520a043ef34a6902029f0034a2460318f459c6a1c646be30,-14.1
2026-07-01T12:20:01.923000+00:00,FARTCOIN,Close Short,SHORT,0.47749,0.14,367.3,0.023139,,,484616527183,608619917560167,True,0x47e90515f35b1c8f4962043ef85f3202025b00fb8e5e3b61ebb1b068b25ef679,-367.3
2026-07-01T12:38:05.534000+00:00,PUMP,Close Short,SHORT,0.295904,0.001397,36988.0,0.023252,,,484629686184,757855595595844,True,0x1aa5e066098c40441c1f043ef89d05020457004ba48f5f16be6e8bb8c8801a2e,-36988.0
2026-07-01T13:04:07.677000+00:00,SOL,Close Long,LONG,0.56823,74.825,1.41,0.047476,,,484653200754,522655986071373,True,0xd940d67964514d22daba043ef8f526020327005eff546bf47d0981cc2355270d,1.41
2026-07-01T13:52:15.336000+00:00,IMX,Close Long,LONG,0.188026,0.11646,229.3,0.012016,,,484713121036,304559130899474,True,0xcdbcc72244e700c7cf36043ef9971502052d0007dfea1f997185727503eadab2,229.3
2026-07-01T15:08:35.374000+00:00,REZ,Close Long,LONG,0.11823,0.003065,7882.0,0.010871,,,484820703732,90903453751902,True,0x2dc674e5a673fdbd2f40043efa99e802064f00cb41771c8fd18f20386577d7a7,7882.0
2026-07-01T22:26:06.557000+00:00,SKY,Close Long,LONG,0.39039,0.053664,455.0,0.010987,,,485153599007,184813006912648,True,0x6ab4024809e8cedf6c2d043f006bba020604002da4ebedb10e7cad9ac8eca8ca,455.0
2026-07-01T23:38:27.478000+00:00,IO,Close Short,SHORT,0.230275,0.15636,152.5,0.01073,,,485207709275,598750331544488,True,0x4a24acf0fe0d0e274b9e043f01628d02013700d699002cf9eded5843bd00e811,-152.5
2026-07-01T23:53:37.150000+00:00,PYTH,Close Short,SHORT,0.235365,0.037589,1065.0,0.018014,,,485218872398,991208098215674,True,0x10fa128e08678b9d1273043f01961e0203380073a36aaa6fb4c2bde0c76b6587,-1065.0
2026-07-02T00:25:01.719000+00:00,SPX,Close Short,SHORT,0.174952,0.34974,115.1,0.018114,,,485242457824,193784006665744,True,0x0af7df169fd5a5c60c71043f0200fe02026700fc3ad8c498aec08a695ed97fb0,-115.1
2026-07-02T00:35:13.650000+00:00,PENGU,Close Short,SHORT,0.218658,0.006091,6626.0,0.018161,,,485249017183,76379579231680,True,0x465a1ca9b1bc8c8847d3043f0223b20202b1008f4cbfab5aea22c7fc70b06672,-6626.0
2026-07-02T08:25:18.774000+00:00,BERA,Close Short,SHORT,-3.897168,0.22146,201.3,0.02006,,"{'liquidatedUser': '0xf7351a5c63e0403f6f7fc77d31b5e17a229c469c', 'markPx': '0.22044', 'method': 'market'}",485547949392,414571709074348,True,0x3af21f9c31628a1a3c6b043f0865c600002d3781cc65a8ecdebacaeef0666404,-201.3
2026-07-02T09:44:11.262000+00:00,HYPE,Close Long,LONG,0.25833,63.935,0.79,0.022728,,,485596745769,23409632484955,True,0xfcf105085d449185fe6a043f0973a202052200edf847b058a0b9b05b1c486b70,0.79
2026-07-02T16:14:12.255000+00:00,ZEC,Close Long,LONG,0.0369,439.05,0.41,0.081004,,,486000924555,518248720761596,True,0x5bc4d3290ffe3ab25d3e043f0ea5b702035c000eaaf15984ff8d7e7bcef2149c,0.41
2026-07-02T16:14:12.255000+00:00,ZEC,Close Long,LONG,0.01,439.06,0.1,0.019757,,,486000924555,727484442763222,True,0x5bc4d3290ffe3ab25d3e043f0ea5b702035c000eaaf15984ff8d7e7bcef2149c,0.51
2026-07-02T16:22:31.069000+00:00,TRX,Close Long,LONG,0.15345,0.31789,165.0,0.023603,,,486008999947,351260895130006,True,0x80b75ebf343b08b18231043f0ec1f802033b00a4cf3e278324800a11f33ee29c,165.0
2026-07-02T17:41:18.053000+00:00,STRK,Close Long,LONG,0.36818,0.03053,3681.8,0.050582,,,486080288741,484731174523205,True,0x0bad939b922c9b790d27043f0fcea102026500812d2fba4baf763eee51207563,3681.8
2026-07-03T06:35:20.908000+00:00,TRX,Close Long,LONG,0.59052,0.31862,703.0,0.100795,,,486473897694,703696703375256,True,0x75ed808c4243883a7767043f1a22e602049e0071dd46a70c19b62bdf01476225,703.0
2026-07-03T17:38:08.944000+00:00,YGG,Close Short,SHORT,-2.837305,0.023429,2971.0,0.031323,,,486829224821,765088417055412,True,0x3c4aaffcbb572f733dc4043f22f7950203ac00e2565a4e45e0135b4f7a5b095d,-2971.0
2026-07-04T09:38:31.023000+00:00,HYPER,Close Short,SHORT,1.122099,0.078979,2757.0,0.097985,,,487229075806,538063190020674,True,0x50caee9cc923b1615244043f2fade202015000826426d033f49399ef88278b4b,-2757.0
2026-07-04T10:12:44.841000+00:00,MANTA,Close Short,SHORT,0.6981,0.06264,3490.5,0.09839,,,487239390482,299407167629822,True,0x6dc6cea6555bcd126f40043f301d1a0201f3008bf05eebe4118f79f9145fa6fd,-3490.5
2026-07-04T10:52:12.710000+00:00,DOGE,Close Short,SHORT,-0.18528,0.076943,772.0,0.026729,,,487251594068,685151532226855,True,0x254eed9ec2b08df026c8043f309eb50201f200845db3acc2c91798f181b467da,-772.0
2026-07-04T10:52:12.710000+00:00,DOGE,Close Short,SHORT,-0.151866,0.076937,649.0,0.022469,,,487251594068,71139649005614,True,0x254eed9ec2b08df026c8043f309eb50201f200845db3acc2c91798f181b467da,-1421.0
2026-07-04T14:43:05.054000+00:00,KAS,Close Short,SHORT,-0.467606,0.031222,6586.0,0.092532,,,487335383435,283767116266562,True,0x1ab1bf07857d66c11c2b043f3386f90202aa00ed20708593be7a6a5a447140ab,-6586.0
2026-07-04T21:04:18.388000+00:00,ZEC,Close Long,LONG,0.3384,468.34,0.47,0.099053,,,487522856430,242531247788664,True,0xbb4d164f2d19c3cabcc6043f3857ad0202b00034c81ce29c5f15c1a1ec1d9db5,0.47
2026-07-05T09:39:57.933000+00:00,ETH,Close Short,SHORT,0.43632,1755.8,0.2424,0.191522,,,487808645517,1235411288611,True,0xbc126ecf6de63440bd8c043f41daec0202ca00b508e953125fdb1a222cea0e2b,-0.2424
2026-07-05T09:39:57.933000+00:00,ETH,Close Short,SHORT,0.10062,1755.8,0.0559,0.044167,,,487808645517,621951042292231,True,0xbc126ecf6de63440bd8c043f41daec0202ca00b508e953125fdb1a222cea0e2b,-0.2983
2026-07-05T21:56:32.836000+00:00,ETH,Close Short,SHORT,-10.4447,1793.1,0.301,0.242875,,"{'liquidatedUser': '0xf7351a5c63e0403f6f7fc77d31b5e17a229c469c', 'markPx': '1793.1', 'method': 'market'}",488080842428,58319299762005,True,0x24e807fdf7a65d322661043f4b27fa0000231fe392a97c04c8b0b350b6aa371c,-0.301
2026-07-05T22:17:31.120000+00:00,CFX,Close Long,LONG,0.25578,0.04536,2205.0,0.045008,,,488095574032,690069739078946,True,0xe0a58c824721f373e21f043f4b6d8002019a0067e2251245846e37d50625cd5e,2205.0
2026-07-06T09:31:19.897000+00:00,ZEC,Close Long,LONG,-12.2529,444.6,0.47,0.094032,,"{'liquidatedUser': '0xf7351a5c63e0403f6f7fc77d31b5e17a229c469c', 'markPx': '444.9', 'method': 'market'}",488518611542,840410329908132,True,0xb1574f09590410c3b2d1043f53fcc800009266eef4072f95551ffa5c1807eaae,0.47
2026-07-06T12:47:08.629000+00:00,KAS,Close Short,SHORT,0.300934,0.030171,1802.0,0.024465,,,488643630696,400904714134164,True,0xa7a7731e2f199ff2a921043f5679bd0201800003ca1cbec44b701e70ee1d79dd,-1802.0
2026-07-06T13:02:42.117000+00:00,DASH,Close Short,SHORT,0.40015,34.166,2.65,0.040742,,,488658309144,142492764509475,True,0x2d9528a076cd4b002f0e043f56ac9502047b008611c069d2d15dd3f335c124ea,-2.65
2026-07-06T13:05:15.075000+00:00,SOL,Close Short,SHORT,0.28917,79.2,4.59,0.163587,,,488661783437,760665307420244,True,0xd64cd7c21b9b7fcdd7c6043f56b50102043400a7b69e9e9f7a158314da9f59b8,-4.6
2026-07-06T15:41:44.644000+00:00,SOL,Close Short,SHORT,-0.01971,81.234,0.01,0.000365,,"{'liquidatedUser': '0xf7351a5c63e0403f6f7fc77d31b5e17a229c469c', 'markPx': '81.183', 'method': 'market'}",488861902142,646752798795596,True,0xc87c88c980ee8f56c9f6043f58b60f020e8b00af1be1ae286c45341c3fe26941,-0.01
2026-07-07T01:50:33.431000+00:00,KAS,Close Short,SHORT,0.321204,0.030011,1846.0,0.02493,,,489351149685,572421481991751,True,0x35fca4f03f0d73073776043f60765802019000d5da0091d9d9c55042fe014cf1,-1846.0
2026-07-07T02:28:36.552000+00:00,VIRTUAL,Close Short,SHORT,0.2924,0.54394,170.0,0.041611,,,489376852427,164628557901448,True,0x1a82091912ed6cd71bfb043f60f2250201bd00feade08ba9be4ab46bd1e146c1,-170.0
2026-07-07T02:51:42.407000+00:00,AR,Close Short,SHORT,0.333576,1.9986,46.33,0.041667,,,489394039552,414222773621445,True,0xbcaad2861f2024adbe24043f613da50201a1006bba23437f60737dd8de23fe98,-46.33
2026-07-07T03:45:11.845000+00:00,HBAR,Close Short,SHORT,0.287616,0.072145,1284.0,0.041685,,,489431966135,475503309303871,True,0x04452ec55409e73805be043f61ed4702027500aaef0d060aa80dda18130dc122,-1284.0
2026-07-07T08:56:13.868000+00:00,LIT,Close Short,SHORT,0.4284,2.5295,36.0,0.040977,,,489605891449,619835724806668,True,0x256116f85b1a0f1826da043f65da0a0201ff00ddf61d2deac929c24b1a1de902,-36.0
2026-07-07T10:31:36.083000+00:00,FARTCOIN,Close Short,SHORT,-0.0231,0.16071,1155.0,0.083529,,,489652631498,1049500062990505,True,0x5449033f32d9827955c2043f670ece0202070024cddca14bf811ae91f1dd5c63,-1155.0
2026-07-07T11:05:33.586000+00:00,MANTA,Close Long,LONG,0.231608,0.0628,890.8,0.025174,,,489669700085,1007303910053424,True,0xcdd2b5435fe219a5cf4c043f677e7f0203cb0028fae53877719b60961ee5f390,890.8
2026-07-07T11:11:25.989000+00:00,XRP,Close Short,SHORT,0.4634,1.1198,331.0,0.166794,,,489672705569,1096097200315676,True,0xfb3b45a17aa3f86cfcb5043f6791bc020366008715a7173f9f03f0f439a7d257,-331.0
2026-07-07T13:04:30.906000+00:00,PUMP,Close Short,SHORT,0.113954,0.001631,113954.0,0.083636,,,489743705625,1061072271138438,True,0xec66ca07229d008fede0043f69036c0202cd00ecbd901f61902f7559e190da7a,-113954.0
2026-07-07T13:16:02.856000+00:00,XLM,Close Short,SHORT,0.32093,0.19301,479.0,0.041603,,,489752153045,634446427126132,True,0xe7a1856625263620e91b043f69293902041d004bc02954f28b6a30b8e42a100b,-479.0
2026-07-07T13:25:38.111000+00:00,COMP,Close Short,SHORT,0.26313,17.258,5.37,0.041703,,,489760415214,1028137207949444,True,0xa321775537db4728a49b043f6948910208c8003ad2de65fa46ea22a7f6df2113,-5.37
2026-07-07T14:36:54.543000+00:00,PEOPLE,Close Short,SHORT,0.21234,0.005225,10617.0,0.024963,,,489875384081,559305170789910,True,0xf59d1b6eeeef8abff716043f6a367802069e005489e2a9929965c6c1ade364aa,-10617.0
2026-07-07T17:11:26.270000+00:00,ZK,Close Short,SHORT,0.245137,0.010998,8453.0,0.041834,,,490053953154,660698090761621,True,0xe897db8067fab0a9ea11043f6c3b3a020c0d006602fdcf7b8c6086d326fe8a94,-8453.0
2026-07-12T18:38:55.093000+00:00,BTC,Close Short,SHORT,0.05083,64131.0,0.00391,0.112838,,,494242321654,677837714475312,True,0x3523c2eebabe574d369d043fc9d8a901ae00dad455b1761fd8ec6e4179b23137,-0.00391
2026-07-12T18:38:55.093000+00:00,BTC,Close Short,SHORT,0.21073,64131.0,0.01621,0.467803,,,494242321654,352970592867313,True,0x3523c2eebabe574d369d043fc9d8a901ae00dad455b1761fd8ec6e4179b23137,-0.02012
2026-07-12T21:38:28.231000+00:00,BTC,Close Short,SHORT,1.2948,64070.0,0.01992,0.574323,,,494298147209,1041529310139249,True,0x95b44a2f5d2b139d972e043fcc26370206270014f82e326f397cf5821c2eed88,-0.01992
2026-07-12T22:52:40.007000+00:00,BTC,Close Short,SHORT,1.23984,63773.0,0.01968,0.564773,,,494343124754,966037853351153,True,0x9a0ef473d3533a669b88043fcd1af402021100596e5659383dd79fc692571451,-0.01968
2026-07-12T23:18:37.510000+00:00,ETH,Close Short,SHORT,0.56316,1803.9,0.4332,0.351652,,,494358656849,353388126736491,True,0x95ed4932e2f4f4d59767043fcd70c902013200187df813a739b5f485a1f8cec0,-0.4332
2026-07-13T01:30:10.864000+00:00,BTC,Close Short,SHORT,2.5428,63680.0,0.01956,0.560511,,,494488633817,942885392463923,True,0xbb0b9ec3cb27da21bc85043fcf241f02047f00a9662af8f35ed44a168a2bb40c,-0.01956
2026-07-13T02:03:43.276000+00:00,BTC,Close Short,SHORT,4.46656,63445.0,0.01994,0.569291,,,494522163504,692075298354809,True,0x40ff6aa5a3eefc5f4279043fcf93930205a7008b3ee21b31e4c815f862e2d649,-0.01994
2026-07-13T02:03:43.276000+00:00,BTC,Close Short,SHORT,0.03808,63445.0,0.00017,0.004853,,,494522163504,143850670671394,True,0x40ff6aa5a3eefc5f4279043fcf93930205a7008b3ee21b31e4c815f862e2d649,-0.02011
2026-07-13T02:52:49.751000+00:00,ZEC,Close Short,SHORT,2.439142,524.63,0.62,0.146371,,,494562696595,981498069625678,True,0x11c7b2efddbff5c51341043fd034c202022100d578b31497b5905e429cb3cfaf,-0.62
2026-07-13T03:15:50.988000+00:00,ETH,Close Short,SHORT,5.285,1793.8,0.35,0.282523,,,494581898740,926387590234283,True,0x64d0c63b3c7b7d2e664a043fd0820b0208c00020d77e9c000899718dfb7f5719,-0.35
2026-07-13T03:15:50.988000+00:00,ETH,Close Short,SHORT,1.6948,1793.7,0.1115,0.089998,,,494581898740,529472954483059,True,0x64d0c63b3c7b7d2e664a043fd0820b0208c00020d77e9c000899718dfb7f5719,-0.4615
2026-07-13T03:32:59.229000+00:00,BTC,Close Short,SHORT,3.13584,62935.0,0.02224,0.629853,,,494597911643,515874600617506,True,0x33b03da4a17934763529043fd0ba4a020415008a3c7c5348d778e8f7607d0e60,-0.02224
2026-07-13T04:44:49.782000+00:00,BTC,Close Short,SHORT,1.55839,62733.0,0.01513,0.427117,,,494645093397,958273236621334,True,0x8a480972cbf5379f8bc1043fd1a972020335005866f856712e10b4c58af9118a,-0.01513
2026-07-13T04:44:49.782000+00:00,BTC,Close Short,SHORT,0.78074,62733.0,0.00758,0.213982,,,494645093397,790228116231657,True,0x8a480972cbf5379f8bc1043fd1a972020335005866f856712e10b4c58af9118a,-0.02271
2026-07-13T10:46:02.531000+00:00,PAXG,Close Long,LONG,-4.041,4048.4,0.045,0.08198,,,494819609142,59524271055120,True,0xcf1382c5edea00d2d08d043fd6523302022700ab88ed1fa472dc2e18aceddabd,0.045
2026-07-13T12:13:27.118000+00:00,BTC,Close Short,SHORT,2.73728,62880.0,0.04277,1.210219,,,494862308037,728209959272167,True,0x594f98f9903ef5c75ac9043fd7716e02032d00df2b321499fd18444c4f32cfb1,-0.04277
2026-07-13T13:01:21.682000+00:00,ETH,Close Short,SHORT,4.28736,1772.3,0.5104,0.407061,,,494888156127,735952917408113,True,0xdfb54dc442fc0588e12f043fd80f9c0203d300a9ddff245a837df91701ffdf73,-0.5105
2026-07-13T13:16:06.981000+00:00,ETH,Close Short,SHORT,0.00127,1768.0,0.0001,0.000079,,,494895260544,191243951456086,True,0xf8c471936d34a26cfa3e043fd83f7c0202b700790837c13f9c8d1ce62c387c57,-0.0001
2026-07-13T14:11:33.415000+00:00,ETH,Close Short,SHORT,1.4812,1770.8,0.529,0.421538,,,494946591074,872936295249710,True,0x02bfd9bd125cf43b0439043fd8f6b202044b00a2ad50130da688850fd150ce25,-0.529
2026-07-13T14:50:32.087000+00:00,ZEC,Close Long,LONG,1.141,514.64,0.7,0.162111,,,494980300067,57505353701401,True,0x731d8a7ac88e97457497043fd976c302089100606381b61716e635cd87827130,0.7
2026-07-13T15:13:24.596000+00:00,AXS,Close Long,LONG,-3.668328,0.99156,97.2,0.04337,,,494994521635,691687245085760,True,0x05ad4bc8ac14b2080727043fd9c2da02017f00ae4717d0daa975f71b6b188bf2,97.2
2026-07-13T18:49:48.127000+00:00,ETH,Close Short,SHORT,5.30236,1763.6,0.4571,0.362763,,,495119122789,605745012261379,True,0xba41ede1c9df5bd1bbbb043fdc909802028500c764d27aa35e0a993488d335bc,-0.4571
2026-07-13T18:49:48.127000+00:00,ETH,Close Short,SHORT,0.50112,1763.6,0.0432,0.034284,,,495119122789,1021788956068912,True,0xba41ede1c9df5bd1bbbb043fdc909802028500c764d27aa35e0a993488d335bc,-0.5003
2026-07-13T18:52:12.982000+00:00,BTC,Close Short,SHORT,1.0471,62066.0,0.0037,0.103339,,,495120389646,287182525353372,True,0x94364b6d4aa1ef0695b0043fdc98ac0201b60052e5a50dd837fef6c009a5c8f1,-0.0037
2026-07-13T18:52:12.982000+00:00,BTC,Close Short,SHORT,5.74207,62066.0,0.02029,0.566693,,,495120389646,211262009254791,True,0x94364b6d4aa1ef0695b0043fdc98ac0201b60052e5a50dd837fef6c009a5c8f1,-0.02399
2026-07-13T20:53:27.652000+00:00,XPL,Close Short,SHORT,0.260494,0.088546,1118.0,0.044547,,,495174449210,274860191050915,True,0x42f119d8d0d7d368446a043fde26960201ff00be6bdaf23ae6b9c52b8fdbad52,-1118.0
2026-07-13T20:53:27.652000+00:00,XPL,Close Short,SHORT,0.434079,0.088546,1863.0,0.074232,,,495174449210,307589275376772,True,0x42f119d8d0d7d368446a043fde26960201ff00be6bdaf23ae6b9c52b8fdbad52,-2981.0
2026-07-13T20:53:27.652000+00:00,XPL,Close Short,SHORT,0.408496,0.088537,1688.0,0.067252,,,495174449210,961780092410343,True,0x42f119d8d0d7d368446a043fde26960201ff00be6bdaf23ae6b9c52b8fdbad52,-4669.0
2026-07-14T03:17:01.051000+00:00,SOL,Close Short,SHORT,1.22705,74.746,10.67,0.358892,,,495357159879,657075448504240,True,0x73242a83e7167be9749d043fe31d280204a9006982199abb16ecd5d6a61a55d4,-10.67
2026-07-14T11:10:03.701000+00:00,SOL,Close Long,LONG,0.81133,75.401,10.27,0.348465,,,495557784879,973284959098773,True,0x52a2b78225b777d4541c043fe937fe0201750067c0ba96a6f66b62d4e4bb51be,10.27
2026-07-14T11:17:19.367000+00:00,ZEC,Close Long,LONG,1.035,509.36,0.75,0.171909,,,495561323273,857367234646818,True,0x0e965a31628d96a51010043fe94f5e01ea007216fd80b577b25f05842181708f,0.75
2026-07-14T11:17:19.367000+00:00,ZEC,Close Long,LONG,0.0138,509.36,0.01,0.002292,,,495561323273,123926866692674,True,0x0e965a31628d96a51010043fe94f5e01ea007216fd80b577b25f05842181708f,0.76
2026-07-14T12:35:56.029000+00:00,XRP,Close Short,SHORT,-7.9124,1.0844,302.0,0.147369,,"{'liquidatedUser': '0xf7351a5c63e0403f6f7fc77d31b5e17a229c469c', 'markPx': '1.0837', 'method': 'market'}",495601881645,461270614437498,True,0xdc7c47859b81f3e1ddf6043fea53030101005f6b368512b38044f2d85a85cdcc,-302.0
2026-07-14T12:35:56.029000+00:00,XRP,Close Short,SHORT,-7.7517,1.0843,297.0,0.144916,,"{'liquidatedUser': '0xf7351a5c63e0403f6f7fc77d31b5e17a229c469c', 'markPx': '1.0837', 'method': 'market'}",495601881645,867449438117041,True,0xdc7c47859b81f3e1ddf6043fea53030101005f6b368512b38044f2d85a85cdcc,-599.0
2026-07-14T12:35:56.029000+00:00,XRP,Close Short,SHORT,-4.9329,1.0843,189.0,0.092219,,"{'liquidatedUser': '0xf7351a5c63e0403f6f7fc77d31b5e17a229c469c', 'markPx': '1.0837', 'method': 'market'}",495601881645,361543361174291,True,0xdc7c47859b81f3e1ddf6043fea53030101005f6b368512b38044f2d85a85cdcc,-788.0
2026-07-14T17:25:12.778000+00:00,CASHCAT,Close Short,SHORT,5.014976,0.1614,617.0,0.044812,,,495826226045,449488363271876,True,0xfe95061b866c2683000e043fee09c20204e40001216f4556a25db16e4560006e,-617.0
2026-07-14T18:08:01.808000+00:00,HYPE,Close Long,LONG,1.28821,65.198,5.39,0.158137,,,495847400130,279347870144270,True,0x375e7b8334220ca438d8043fee970c02042e0068cf252b76db2726d5f325e68e,5.39
2026-07-14T19:05:23.870000+00:00,HYPE,Close Long,LONG,1.35683,65.437,5.63,0.165784,,,495875891208,127087016109624,True,0x04308f82d3ac5cf705aa043fef52f2020ae800686eaf7bc9a7f93ad592a036e1,5.63
2026-07-14T19:34:15.239000+00:00,SOL,Close Long,LONG,-0.29388,77.14,9.48,0.329079,,,495890230053,796715239152147,True,0x6394c8e154dd54e4650e043fefb0b002043d00c6efd073b6075d743413d12ecf,9.48
2026-07-14T20:17:12.022000+00:00,FARTCOIN,Close Short,SHORT,1.3481,0.14338,2592.5,0.16727,,,495910117377,849544765928802,True,0x5131054382b0f64c52aa043ff03de801b3001d291db4151ef4f9b09641b4d036,-2592.5
2026-07-14T22:19:16.653000+00:00,WLD,Close Short,SHORT,0.259856,0.40938,119.2,0.021959,,,495953631419,147868535063230,True,0x00695a7ee0f9ee9801e3043ff1cdf301c00072647bfd0d6aa43205d19ffdc882,-119.2
2026-07-14T22:19:16.653000+00:00,WLD,Close Short,SHORT,1.597504,0.40938,732.8,0.134997,,,495953631419,174483413189845,True,0x00695a7ee0f9ee9801e3043ff1cdf301c00072647bfd0d6aa43205d19ffdc882,-852.0
2026-07-14T22:21:02.316000+00:00,TAO,Close Short,SHORT,1.90233,201.13,0.919,0.083177,,,495954986464,98453881278781,True,0xd7bc68537ed2df01d936043ff1d3dc020301003919d5fdd37b8513a63dd6b8ec,-0.919
2026-07-15T01:20:08.136000+00:00,HYPE,Close Short,SHORT,1.37223,65.429,5.79,0.170475,,,496034257064,723757422887749,True,0x8073752abe89be7d81ed043ff41d2f0201d50010598cdd4f243c207d7d8d9868,-5.79
2026-07-15T01:55:12.294000+00:00,CRV,Close Short,SHORT,0.010934,0.22268,14.2,0.001422,,,496050383525,782520676285173,True,0x7ecde6f8e2a3ec188047043ff48f9f02033700de7da70aea2296924ba1a7c603,-14.2
2026-07-15T01:55:12.294000+00:00,CRV,Close Short,SHORT,1.262107,0.22268,1639.1,0.164247,,,496050383525,878948556375970,True,0x7ecde6f8e2a3ec188047043ff48f9f02033700de7da70aea2296924ba1a7c603,-1653.3
2026-07-15T02:39:27.241000+00:00,UNI,Close Short,SHORT,1.7069,3.6404,101.0,0.165456,,,496068592416,200400239247605,True,0x5752eff4d463d29f58cc043ff5200002010e00da6f66f171fb1b9b479367ac89,-101.0
2026-07-15T07:11:01.888000+00:00,UNI,Close Short,SHORT,2.091999,3.643,102.7,0.168361,,,496181208179,1125345428699498,True,0xac27f4c52e461d07ada1043ff89d6c02024000aac9493bd94ff0a017ed49f6f2,-102.7
2026-07-15T08:09:01.301000+00:00,NEAR,Close Short,SHORT,1.136576,2.0039,188.8,0.170251,,,496206102027,211631397820232,True,0x22c0cb5a937a908b243a043ff95b8202081d00402e7daf5dc68976ad527e6a75,-188.8
2026-07-15T11:06:06.975000+00:00,LIT,Close Short,SHORT,0.924084,2.5816,63.0,0.073188,,,496275551251,213199915761512,True,0x8f1ffe484dfe96cb9099043ffba129020182002de8f1b59d32e8a99b0cf270b6,-63.0
2026-07-15T11:06:06.975000+00:00,LIT,Close Short,SHORT,0.177216,2.5815,12.0,0.01394,,,496275551251,1082366761242450,True,0x8f1ffe484dfe96cb9099043ffba129020182002de8f1b59d32e8a99b0cf270b6,-75.0
2026-07-15T14:02:13.923000+00:00,XPL,Close Short,SHORT,1.811888,0.092548,1612.0,0.067134,,,496385345584,412903849706568,True,0x8dfe94cf08e134a58f78043ffde2e002053600b4a3e4537731c74021c7e50e90,-1612.0
2026-07-15T14:02:13.923000+00:00,XPL,Close Short,SHORT,2.9025,0.092547,2580.0,0.107447,,,496385345584,350429529570070,True,0x8dfe94cf08e134a58f78043ffde2e002053600b4a3e4537731c74021c7e50e90,-4192.0
2026-07-15T14:28:15.639000+00:00,AAVE,Close Short,SHORT,1.99719,97.772,3.51,0.15443,,,496409682335,491888177866840,True,0x9d0100a683878ecb9e7a043ffe391f0202f5008c1e8aad9d40c9abf9428b68b6,-3.51
2026-07-15T14:28:15.639000+00:00,AAVE,Close Short,SHORT,0.29019,97.772,0.51,0.022438,,,496409682335,202848487805254,True,0x9d0100a683878ecb9e7a043ffe391f0202f5008c1e8aad9d40c9abf9428b68b6,-4.02
2026-07-15T15:00:03.181000+00:00,CC,Close Short,SHORT,-0.00181,0.13842,905.0,0.056371,,,496436207585,1005517085172883,True,0x6558a5ab97ff780666d2043ffea19a020f2d009132f296d8092150fe56f351f1,-905.0
2026-07-15T16:43:05.223000+00:00,SPX,Close Short,SHORT,1.072032,0.37062,515.4,0.085957,,,496507624676,794655452605944,True,0x584ea5e314a7e87e59c8043ffff4690209e500c8afab0750fc175135d3abc268,-515.4
2026-07-15T18:16:50.762000+00:00,SOL,Close Long,LONG,0.9408,77.883,9.8,0.343464,,,496556177222,545257299556287,True,0xeb4841885ac7e03eecc1044001269e0202ce006df5caff108f10ecdb19cbba29,9.8
2026-07-15T18:45:10.417000+00:00,HYPE,Close Long,LONG,0.88067,68.066,5.47,0.167544,,,496568812714,336348918494793,True,0x26c428bdd34af8bb283d04400183dd02031b00a36e4e178dca8cd410924ed2a5,5.47
2026-07-15T18:47:42.572000+00:00,CASHCAT,Close Long,LONG,-24.21568,0.10134,964.0,0.043961,,"{'liquidatedUser': '0xf7351a5c63e0403f6f7fc77d31b5e17a229c469c', 'markPx': '0.10134', 'method': 'market'}",496570296848,653521150543883,True,0x50a8cc0a2282563652220440018c33010100e3efbd857508f471775ce1863020,964.0
2026-07-15T19:20:17.841000+00:00,AAVE,Close Long,LONG,-0.0552,96.668,3.45,0.150077,,,496586040263,198755246513653,True,0x91ed5299c89247229367044001f7780202f1007f639565f435b5fdec8796210d,3.45
2026-07-15T20:35:16.826000+00:00,SOL,Close Long,LONG,1.55944,77.385,8.08,0.281371,,,496617550141,10503420753175,True,0xada6d083a61ddd8aaf20044002ebe101bc00e8694110fc5c516f7bd66511b775,8.08
2026-07-15T20:36:34.326000+00:00,ZEC,Close Long,LONG,0.6705,574.25,0.45,0.116285,,,496617907589,1064156254117979,True,0x8065af7d2218bb4781df044002f05301c200c762bd1bda19242e5acfe11c9532,0.45
2026-07-15T20:36:34.326000+00:00,ZEC,Close Long,LONG,0.1272,574.35,0.08,0.020676,,,496617907589,578185797547807,True,0x8065af7d2218bb4781df044002f05301c200c762bd1bda19242e5acfe11c9532,0.53
2026-07-15T22:56:19.041000+00:00,SUI,Close Long,LONG,1.593322,0.75607,417.1,0.14191,,,496660653092,784176000012655,True,0x61299b0ac6a7175b62a3044004b9160203e400f061aa362d04f2465d85aaf146,417.1
2026-07-16T08:09:12.959000+00:00,CRV,Close Long,LONG,-2.781206,0.21376,473.8,0.045575,,,496891175933,916564043161670,True,0xcaa7408ea5758051cc2004400bcf23020258007440789f236e6febe164795a3c,473.8
2026-07-16T08:09:12.959000+00:00,CRV,Close Long,LONG,-8.291375,0.21376,1412.5,0.135871,,,496891175933,911121327080688,True,0xcaa7408ea5758051cc2004400bcf23020258007440789f236e6febe164795a3c,1886.3
2026-07-16T08:09:21.773000+00:00,AAVE,Close Long,LONG,-9.3485,94.245,3.5,0.148435,,,496891254610,821140361499934,True,0x5e6752316036dae45fe104400bcf970201a00016fb39f9b6022ffd841f3ab4cf,3.5
2026-07-16T08:09:26.651000+00:00,HYPE,Close Long,LONG,-4.86486,66.028,4.86,0.144403,,,496891306708,966112108186486,True,0xebb7230402a39dfaed3004400bcfd702221f00e99da6bccc8f7fce56c1a777e5,4.86
2026-07-16T12:37:21.733000+00:00,ZEC,Close Long,LONG,1.6562,551.07,0.49,0.12151,,,497007890636,1016950616830610,True,0xa290804dae257f82a40a04400f3f22020de0003349289e5446592ba06d29596d,0.49
2026-07-16T13:38:07.791000+00:00,ETH,Close Long,LONG,0.028008,1884.5,0.3112,0.263905,,,497044557743,309535539471353,True,0x91aa6bc298a53e449324044010062c02061600a833a85d163573171557a9182f,0.3112
2026-07-16T13:38:07.791000+00:00,ETH,Close Long,LONG,0.0019,1884.6,0.01,0.00848,,,497044557743,899584636628842,True,0x91aa6bc298a53e449324044010062c02061600a833a85d163573171557a9182f,0.3212
2026-07-16T13:38:07.791000+00:00,ETH,Close Long,LONG,0.002014,1884.6,0.0106,0.008989,,,497044557743,368646145339865,True,0x91aa6bc298a53e449324044010062c02061600a833a85d163573171557a9182f,0.3318
2026-07-16T13:38:07.791000+00:00,ETH,Close Long,LONG,0.0057,1884.6,0.03,0.025442,,,497044557743,278590161189907,True,0x91aa6bc298a53e449324044010062c02061600a833a85d163573171557a9182f,0.3618
2026-07-16T14:15:38.830000+00:00,CASHCAT,Close Short,SHORT,2.495577,0.095493,787.0,0.033818,,,497078518197,837637351528724,True,0xe46bfee77fc7868ce5e504401081bd0203c300cd1acaa55e8834aa3a3ecb6077,-787.0
2026-07-16T14:27:49.057000+00:00,BTC,Close Short,SHORT,-14.56728,64851.0,0.01624,0.473931,,"{'liquidatedUser': '0xf7351a5c63e0403f6f7fc77d31b5e17a229c469c', 'markPx': '64786.0', 'method': 'market'}",497087699733,914370759699967,True,0xfe101a7410770566ff89044010aa0b00004b3259ab7a2439a1d8c5c6cf7adf51,-0.01624
2026-07-16T14:31:50.745000+00:00,ETH,Close Short,SHORT,0.73766,1886.3,0.3353,0.284614,,,497090764097,328327678314243,True,0x383779e28d5304b839b1044010b7420208ab00c82856238adc0025354c56dea2,-0.3354
2026-07-16T14:32:05.249000+00:00,HYPE,Close Long,LONG,1.06172,66.027,4.18,0.124196,,,497090946160,1014968886960035,True,0xfd7aa10d9565d131fef4044010b81002034e00f33068f004a1434c605469ab1c,4.18
2026-07-16T14:57:33.461000+00:00,ETH,Close Short,SHORT,0.00079,1880.6,0.0001,0.000084,,,497108455015,77782044559167,True,0xa5de0f1d6f5e2260a7570440110bbd02062400030a51413249a6ba702e51fc4b,-0.0001
2026-07-17T00:31:33.035000+00:00,BTC,Close Long,LONG,-11.27208,63697.0,0.01402,0.401864,,"{'liquidatedUser': '0xf7351a5c63e0403f6f7fc77d31b5e17a229c469c', 'markPx': '63703.0', 'method': 'market'}",497393977945,809703922091053,True,0x182915876afd349019a20440186f180203e7006d05f05362bbf1c0da29f10e7a,0.01402
2026-07-17T00:36:27.836000+00:00,ETH,Close Long,LONG,-11.7869,1852.8,0.311,0.259299,,"{'liquidatedUser': '0xf7351a5c63e0403f6f7fc77d31b5e17a229c469c', 'markPx': '1853.0', 'method': 'market'}",497396500488,564548006729118,True,0xe706ffbc58a80304e8800440187f4a00004217a1f3ab21d68acfab0f17abdcef,0.311
2026-07-17T01:25:01.475000+00:00,ETH,Close Short,SHORT,0.55616,1862.0,0.1738,0.145627,,,497421965729,978643643243962,True,0x324e73f3f69230bd33c80440191fa902021c00d991954f8fd6171f46b5960aa7,-0.1738
2026-07-17T02:08:08.211000+00:00,BTC,Close Short,SHORT,2.16186,63569.0,0.00822,0.235141,,,497445337438,726634469208380,True,0xdc48bbc7728a6e0cddc2044019ae1702048d00ad0d8d8cde8011671a318e47f7,-0.00822
2026-07-17T02:46:31.006000+00:00,ETH,Close Short,SHORT,0.3759,1845.8,0.179,0.148679,,,497464589645,840844450901023,True,0x30529ac899e4c34c31cc04401a2c9e02039000ae34e7e21ed41b461b58e89d36,-0.179
2026-07-17T05:29:56.504000+00:00,SOL,Close Short,SHORT,0.46252,74.804,3.73,0.125558,,,497534818921,963310413852765,True,0x30d499ade7f5c3d8324e04401c43710202ba009382f8e2aad49d4500a6f99dc2,-3.73
2026-07-17T05:38:56.592000+00:00,BTC,Close Short,SHORT,1.72156,63208.0,0.00892,0.253716,,,497539893972,1007875256268720,True,0x1e6755976a8b80d61fe104401c618e02067a007d058e9fa8c23000ea298f5ac0,-0.00892
2026-07-17T07:25:22.495000+00:00,BTC,Close Short,SHORT,0.04914,62875.0,0.00117,0.033103,,,497590302210,807207441770781,True,0x6024251090a43cb3619d04401dbe350201a900f62ba75b8503ecd0634fa8169e,-0.00117
2026-07-17T07:25:22.495000+00:00,BTC,Close Short,SHORT,0.32634,62875.0,0.00777,0.219842,,,497590302210,899452704640840,True,0x6024251090a43cb3619d04401dbe350201a900f62ba75b8503ecd0634fa8169e,-0.00894
2026-07-17T08:23:24.405000+00:00,BTC,Close Short,SHORT,0.18837,62852.0,0.00897,0.253702,,,497617413862,779909738035842,True,0xce51fe51ef47af1bcfcb04401e7da90204df00378a4acded721aa9a4ae4b8906,-0.00897
2026-07-17T08:41:07.376000+00:00,ETH,Close Short,SHORT,0.6948,1823.3,0.193,0.158353,,,497625823919,1109594293842081,True,0xb312579da944cac1b48c04401eb7dd02037b00834447e99356db02f06848a4ac,-0.193
2026-07-17T13:03:01.943000+00:00,XRP,Close Long,LONG,-9.9603,1.076,357.0,0.172859,,"{'liquidatedUser': '0xf7351a5c63e0403f6f7fc77d31b5e17a229c469c', 'markPx': '1.076', 'method': 'market'}",497742761578,1068078709838249,True,0xca7ee845f2719dbecbf804402212ab0000ba002b8d74bc906e479398b17577a9,357.0
2026-07-17T13:03:42.853000+00:00,ETH,Close Short,SHORT,0.89955,1826.3,0.1999,0.164284,,,497743074787,922182809541928,True,0x7c7770536f67229b7df104402214e202025400390a6a416d20401ba62e6afc86,-0.1999
2026-07-17T13:24:23.363000+00:00,BTC,Close Short,SHORT,0.65462,62901.0,0.00922,0.260976,,,497755185252,455690296424627,True,0x85e610a6c1a2fa02875f044022589102026d008c5ca618d429aebbf980a6d3ed,-0.00922
2026-07-17T14:01:06.780000+00:00,BTC,Close Short,SHORT,-4.33816,63354.0,0.00844,0.240618,,,497793982218,472561614477575,True,0xd8f46d9351278abeda6e044022d0dc02096e0078ec2aa9907cbd18e6102b64a9,-0.00844
2026-07-17T17:09:43.176000+00:00,ETH,Close Short,SHORT,-6.51124,1850.0,0.1829,0.152264,,"{'liquidatedUser': '0xf7351a5c63e0403f6f7fc77d31b5e17a229c469c', 'markPx': '1849.9', 'method': 'market'}",497938876213,341727181151507,True,0x3df114d6f05935c73f6a0440253c3502045c00bc8b5c5499e1b9c029af5d0fb1,-0.1829
