event_ts,dir,coin,tfs,align,h1,d1m,d5m,d15m,d1h,mtf,pnl,close_ts,price
2026-06-21T14:18:04.813+00:00,LONG,KAS,3,100,SIDEWAYS,LONG,LONG,SHORT,LONG,1m LONG 100% RSI45 SIDEWAYS · 5m LONG 100% RSI43 SIDEWAYS · 15m SHORT 100% RSI41 SIDEWAYS · 1h LONG 100% RSI50 SIDEWAYS,0.023606,2026-06-21T14:29:21.485+00:00,0.029769
2026-06-21T14:20:49.704+00:00,SHORT,UNI,3,100,SIDEWAYS,LONG,SHORT,SHORT,SHORT,1m LONG 100% RSI23 SIDEWAYS · 5m SHORT 67% RSI46 SIDEWAYS · 15m SHORT 100% RSI47 SIDEWAYS · 1h SHORT 100% RSI56 SIDEWAYS,-3.6556,2026-06-21T15:29:26.529+00:00,3.02695
2026-06-21T14:46:39.488+00:00,LONG,SUI,3,100,SIDEWAYS,LONG,HOLD,LONG,LONG,1m LONG 100% RSI51 SIDEWAYS · 5m HOLD 0% RSI50 SIDEWAYS · 15m LONG 100% RSI58 SIDEWAYS · 1h LONG 67% RSI50 SIDEWAYS,0.068954,2026-06-21T14:51:32.946+00:00,0.70935
2026-06-21T15:06:54.966+00:00,LONG,CELO,3,75,SIDEWAYS,LONG,HOLD,LONG,LONG,1m LONG 100% RSI0 SIDEWAYS · 5m HOLD 0% RSI50 SIDEWAYS · 15m LONG 100% RSI32 DOWN · 1h LONG 100% RSI48 SIDEWAYS,-0.359664,2026-06-21T16:15:49.122+00:00,0.065533
2026-06-22T06:09:28.2+00:00,SHORT,ETH,3,75,SIDEWAYS,SHORT,SHORT,HOLD,SHORT,1m SHORT 100% RSI53 SIDEWAYS · 5m SHORT 100% RSI47 DOWN · 15m HOLD 0% RSI50 SIDEWAYS · 1h SHORT 100% RSI54 SIDEWAYS,0.13194,2026-06-22T06:23:58.191+00:00,1736.05
2026-06-22T06:48:04.581+00:00,SHORT,SOL,3,100,SIDEWAYS,SHORT,HOLD,SHORT,SHORT,1m SHORT 100% RSI55 SIDEWAYS · 5m HOLD 0% RSI50 SIDEWAYS · 15m SHORT 100% RSI48 SIDEWAYS · 1h SHORT 100% RSI45 SIDEWAYS,0.10794,2026-06-22T06:48:28.841+00:00,73.6955
2026-06-22T10:25:18.654+00:00,LONG,BTC,3,75,UP,LONG,LONG,HOLD,LONG,1m LONG 100% RSI33 SIDEWAYS · 5m LONG 100% RSI49 SIDEWAYS · 15m HOLD 0% RSI50 SIDEWAYS · 1h LONG 100% RSI55 UP,0.09762,2026-06-22T10:31:56.962+00:00,64142.5
2026-06-22T14:42:51.612+00:00,LONG,ETH,3,75,UP,HOLD,LONG,LONG,LONG,1m HOLD 0% RSI50 SIDEWAYS · 5m LONG 100% RSI37 SIDEWAYS · 15m LONG 100% RSI53 SIDEWAYS · 1h LONG 80% RSI62 UP,,,1754.75
2026-06-22T16:19:23.16+00:00,LONG,BTC,3,75,UP,LONG,HOLD,LONG,LONG,1m LONG 100% RSI49 SIDEWAYS · 5m HOLD 0% RSI50 SIDEWAYS · 15m LONG 100% RSI39 SIDEWAYS · 1h LONG 80% RSI57 UP,-10.3675,2026-06-23T08:00:55.813+00:00,64720.5
2026-06-24T05:02:35.56+00:00,SHORT,BTC,3,75,SIDEWAYS,SHORT,SHORT,SHORT,HOLD,1m SHORT 100% RSI54 UP · 5m SHORT 100% RSI50 SIDEWAYS · 15m SHORT 100% RSI40 SIDEWAYS · 1h HOLD 0% RSI50 SIDEWAYS,-2.59296,2026-06-24T05:35:25.915+00:00,62761.5
2026-06-24T05:27:20.027+00:00,SHORT,ETH,3,100,SIDEWAYS,HOLD,SHORT,SHORT,SHORT,1m HOLD 0% RSI50 SIDEWAYS · 5m SHORT 100% RSI68 SIDEWAYS · 15m SHORT 100% RSI51 SIDEWAYS · 1h SHORT 100% RSI64 SIDEWAYS,-3.00058,2026-06-24T05:36:56.907+00:00,1672.35
2026-06-24T07:12:45.387+00:00,SHORT,ETH,3,75,SIDEWAYS,SHORT,SHORT,HOLD,SHORT,1m SHORT 100% RSI52 SIDEWAYS · 5m SHORT 100% RSI69 UP · 15m HOLD 0% RSI50 SIDEWAYS · 1h SHORT 100% RSI68 SIDEWAYS,0.9153,2026-06-24T07:30:21.685+00:00,1674.85
2026-06-24T08:09:17.923+00:00,SHORT,AVAX,3,75,SIDEWAYS,SHORT,HOLD,SHORT,SHORT,1m SHORT 100% RSI64 SIDEWAYS · 5m HOLD 0% RSI50 SIDEWAYS · 15m SHORT 100% RSI49 DOWN · 1h SHORT 100% RSI62 SIDEWAYS,0.42347,2026-06-24T08:35:00.635+00:00,6.3916
2026-06-25T10:03:32.307+00:00,SHORT,ETH,3,75,SIDEWAYS,SHORT,HOLD,SHORT,SHORT,1m SHORT 100% RSI61 SIDEWAYS · 5m HOLD 50% RSI34 DOWN · 15m SHORT 67% RSI36 SIDEWAYS · 1h SHORT 100% RSI74 SIDEWAYS,1.98048,2026-06-25T12:30:44.979+00:00,1648.25
2026-06-25T10:03:35.112+00:00,SHORT,ZEC,3,75,SIDEWAYS,LONG,SHORT,SHORT,SHORT,1m LONG 100% RSI47 SIDEWAYS · 5m SHORT 100% RSI48 DOWN · 15m SHORT 100% RSI54 SIDEWAYS · 1h SHORT 100% RSI58 SIDEWAYS,3.9606,2026-06-25T11:14:53.165+00:00,416.305
2026-06-25T11:18:47.353+00:00,SHORT,BTC,3,75,SIDEWAYS,SHORT,SHORT,LONG,SHORT,1m SHORT 100% RSI59 SIDEWAYS · 5m SHORT 67% RSI32 DOWN · 15m LONG 100% RSI23 SIDEWAYS · 1h SHORT 100% RSI54 SIDEWAYS,0.86779,2026-06-25T12:30:20.137+00:00,61310.5
2026-06-25T12:30:24.566+00:00,LONG,BTC,3,50,SIDEWAYS,SHORT,LONG,LONG,LONG,1m SHORT 100% RSI41 DOWN · 5m LONG 100% RSI35 DOWN · 15m LONG 100% RSI24 SIDEWAYS · 1h LONG 100% RSI54 SIDEWAYS,,,61286.5
2026-06-25T12:32:13.663+00:00,SHORT,HYPE,2,100,SIDEWAYS,HOLD,HOLD,SHORT,SHORT,1m HOLD 0% RSI50 SIDEWAYS · 5m HOLD 0% RSI50 SIDEWAYS · 15m SHORT 100% RSI46 SIDEWAYS · 1h SHORT 100% RSI45 SIDEWAYS,1.33764,2026-06-25T12:47:39.061+00:00,63.2615
2026-06-25T14:10:24.289+00:00,SHORT,AAVE,3,50,UP,SHORT,SHORT,SHORT,HOLD,1m SHORT 100% RSI83 SIDEWAYS · 5m SHORT 67% RSI39 SIDEWAYS · 15m SHORT 67% RSI50 DOWN · 1h HOLD 50% RSI56 UP,2.54592,2026-06-25T14:51:34.273+00:00,81.4245
2026-06-25T14:11:05.808+00:00,SHORT,LIT,4,50,SIDEWAYS,SHORT,SHORT,SHORT,SHORT,1m SHORT 100% RSI63 SIDEWAYS · 5m SHORT 80% RSI36 DOWN · 15m SHORT 67% RSI44 DOWN · 1h SHORT 67% RSI41 SIDEWAYS,2.256,2026-06-25T14:33:04.893+00:00,1.625
2026-06-25T14:34:00.122+00:00,SHORT,ETH,1,75,DOWN,HOLD,SHORT,HOLD,HOLD,1m HOLD 50% RSI72 UP · 5m SHORT 80% RSI36 DOWN · 15m HOLD 50% RSI27 DOWN · 1h HOLD 50% RSI35 DOWN,15.11552,2026-06-25T15:15:34.626+00:00,1587.65
2026-06-25T14:51:38.245+00:00,SHORT,BTC,2,75,DOWN,SHORT,HOLD,HOLD,SHORT,1m SHORT 100% RSI46 SIDEWAYS · 5m HOLD 50% RSI45 DOWN · 15m HOLD 50% RSI34 DOWN · 1h SHORT 67% RSI40 DOWN,1.422,2026-06-26T12:05:50.71+00:00,59584.5
2026-06-25T17:02:15.936+00:00,SHORT,AAVE,3,50,SIDEWAYS,HOLD,SHORT,SHORT,SHORT,1m HOLD 0% RSI50 SIDEWAYS · 5m SHORT 67% RSI45 DOWN · 15m SHORT 67% RSI50 DOWN · 1h SHORT 100% RSI44 SIDEWAYS,,,80.7915
2026-06-25T17:37:04.773+00:00,SHORT,ETH,1,50,DOWN,SHORT,HOLD,HOLD,HOLD,1m SHORT 100% RSI60 UP · 5m HOLD 0% RSI50 SIDEWAYS · 15m HOLD 50% RSI55 DOWN · 1h HOLD 50% RSI39 DOWN,0.0777,2026-06-25T18:21:53.457+00:00,1572.25
2026-06-25T20:36:05.002+00:00,SHORT,ETH,1,50,DOWN,SHORT,HOLD,HOLD,HOLD,1m SHORT 67% RSI38 SIDEWAYS · 5m HOLD 0% RSI50 SIDEWAYS · 15m HOLD 50% RSI48 DOWN · 1h HOLD 50% RSI28 DOWN,0.31184,2026-06-25T21:18:35.324+00:00,1565.15
2026-06-25T21:31:34.511+00:00,SHORT,ETH,1,50,DOWN,HOLD,SHORT,HOLD,HOLD,1m HOLD 50% RSI77 UP · 5m SHORT 100% RSI48 SIDEWAYS · 15m HOLD 0% RSI50 SIDEWAYS · 1h HOLD 50% RSI28 DOWN,7.804,2026-06-26T02:13:39.612+00:00,1567.05
2026-06-27T15:10:57.541+00:00,LONG,CRV,3,100,SIDEWAYS,,LONG,LONG,LONG,5m LONG 100% RSI46 SIDEWAYS · 15m LONG 67% RSI65 SIDEWAYS · 1h LONG 100% RSI48 SIDEWAYS,-2.728718,2026-06-29T12:22:35.603+00:00,0.19287
2026-06-27T15:11:09.088+00:00,LONG,REZ,3,67,SIDEWAYS,,LONG,LONG,LONG,5m LONG 100% RSI50 SIDEWAYS · 15m LONG 100% RSI50 DOWN · 1h LONG 100% RSI27 SIDEWAYS,2.245243,2026-06-28T14:41:06.436+00:00,0.003005
2026-06-28T16:01:51.93+00:00,LONG,TRX,2,67,UP,,HOLD,LONG,LONG,5m HOLD 0% RSI50 SIDEWAYS · 15m LONG 100% RSI37 SIDEWAYS · 1h LONG 100% RSI61 UP,0.51243,2026-06-29T08:55:54.401+00:00,0.323395
2026-06-29T16:30:33.368+00:00,SHORT,BTC,2,67,DOWN,,SHORT,HOLD,SHORT,5m SHORT 83% RSI70 SIDEWAYS · 15m HOLD 50% RSI42 DOWN · 1h SHORT 100% RSI49 DOWN,,,59652.5
2026-06-29T17:58:07.889+00:00,SHORT,AERO,3,67,DOWN,,SHORT,SHORT,SHORT,5m SHORT 100% RSI55 SIDEWAYS · 15m SHORT 75% RSI61 SIDEWAYS · 1h SHORT 100% RSI43 DOWN,0.0033,2026-06-29T18:23:13.404+00:00,0.471825
2026-06-29T20:00:08.45+00:00,SHORT,GRASS,2,100,DOWN,,SHORT,HOLD,SHORT,5m SHORT 75% RSI54 DOWN · 15m HOLD 50% RSI60 DOWN · 1h SHORT 100% RSI35 DOWN,0.22764,2026-06-29T20:36:51.945+00:00,0.48114
2026-06-30T00:48:18.556+00:00,SHORT,IMX,2,100,DOWN,,SHORT,HOLD,SHORT,5m SHORT 75% RSI41 DOWN · 15m HOLD 50% RSI46 DOWN · 1h SHORT 100% RSI42 DOWN,,,0.11956
2026-06-30T06:53:14.978+00:00,SHORT,EIGEN,2,67,DOWN,,HOLD,SHORT,SHORT,5m HOLD 0% RSI50 SIDEWAYS · 15m SHORT 100% RSI59 SIDEWAYS · 1h SHORT 100% RSI31 DOWN,0.012122,2026-06-30T07:30:06.77+00:00,0.2154
2026-06-30T12:03:02.726+00:00,SHORT,WLD,2,100,DOWN,,HOLD,SHORT,SHORT,5m HOLD 50% RSI15 DOWN · 15m SHORT 67% RSI42 DOWN · 1h SHORT 100% RSI40 DOWN,0.268181,2026-06-30T12:16:20.216+00:00,0.41022
2026-06-30T12:03:06.061+00:00,SHORT,XMR,2,100,DOWN,,HOLD,SHORT,SHORT,5m HOLD 50% RSI25 DOWN · 15m SHORT 67% RSI41 DOWN · 1h SHORT 100% RSI29 DOWN,0.22344,2026-06-30T15:25:13.247+00:00,308.795
2026-06-30T12:16:06.694+00:00,SHORT,ETC,3,100,DOWN,,SHORT,SHORT,SHORT,5m SHORT 57% RSI36 DOWN · 15m SHORT 67% RSI40 DOWN · 1h SHORT 100% RSI23 DOWN,0.146264,2026-06-30T13:01:03.485+00:00,6.9554
2026-06-30T13:08:06.969+00:00,SHORT,MORPHO,2,100,DOWN,,SHORT,HOLD,SHORT,5m SHORT 86% RSI36 DOWN · 15m HOLD 50% RSI37 DOWN · 1h SHORT 100% RSI38 DOWN,-0.96021,2026-07-01T05:58:16.962+00:00,1.84615
2026-06-30T20:25:11.748+00:00,SHORT,ZEC,2,100,DOWN,,HOLD,SHORT,SHORT,5m HOLD 50% RSI34 DOWN · 15m SHORT 57% RSI39 DOWN · 1h SHORT 100% RSI47 DOWN,0.2717,2026-06-30T22:14:14.373+00:00,396.875
2026-07-01T12:03:30.417+00:00,SHORT,PUMP,3,100,DOWN,,SHORT,SHORT,SHORT,5m SHORT 57% RSI35 DOWN · 15m SHORT 67% RSI47 DOWN · 1h SHORT 100% RSI45 DOWN,0.295904,2026-07-01T12:38:18.53+00:00,0.001405
2026-07-01T12:08:15.569+00:00,SHORT,FARTCOIN,3,100,DOWN,,SHORT,SHORT,SHORT,5m SHORT 57% RSI35 DOWN · 15m SHORT 57% RSI38 DOWN · 1h SHORT 100% RSI60 DOWN,0.47749,2026-07-01T12:20:18.358+00:00,0.14129
2026-07-01T12:23:11.448+00:00,LONG,TRX,2,67,UP,,HOLD,LONG,LONG,5m HOLD 0% RSI50 SIDEWAYS · 15m LONG 100% RSI59 UP · 1h LONG 100% RSI69 UP,0.15345,2026-07-02T16:22:31.806+00:00,0.31694
2026-07-01T12:38:11.624+00:00,LONG,SOL,3,67,UP,,LONG,LONG,LONG,5m LONG 64% RSI27 DOWN · 15m LONG 64% RSI31 DOWN · 1h LONG 100% RSI60 UP,0.56823,2026-07-01T13:04:10.449+00:00,74.3695
2026-07-01T13:14:08.599+00:00,LONG,IMX,2,100,UP,,HOLD,LONG,LONG,5m HOLD 50% RSI57 UP · 15m LONG 75% RSI52 UP · 1h LONG 100% RSI63 UP,0.188026,2026-07-01T13:52:16.241+00:00,0.1156
2026-07-01T14:11:07.165+00:00,LONG,REZ,3,67,UP,,LONG,LONG,LONG,5m LONG 67% RSI100 UP · 15m LONG 67% RSI25 DOWN · 1h LONG 100% RSI56 UP,0.11823,2026-07-01T15:08:36.337+00:00,0.003045
2026-07-01T16:00:33.349+00:00,LONG,SKY,2,67,UP,,HOLD,LONG,LONG,5m HOLD 0% RSI50 SIDEWAYS · 15m LONG 100% RSI58 UP · 1h LONG 100% RSI66 UP,0.39039,2026-07-01T22:26:20.48+00:00,0.0528
2026-07-01T23:18:08.73+00:00,SHORT,IO,2,100,DOWN,,HOLD,SHORT,SHORT,5m HOLD 50% RSI33 DOWN · 15m SHORT 67% RSI42 DOWN · 1h SHORT 100% RSI40 DOWN,0.230275,2026-07-01T23:38:28.441+00:00,0.158
2026-07-01T23:39:09.131+00:00,SHORT,PYTH,2,100,DOWN,,HOLD,SHORT,SHORT,5m HOLD 50% RSI5 DOWN · 15m SHORT 67% RSI41 DOWN · 1h SHORT 100% RSI44 DOWN,0.235365,2026-07-01T23:53:40.466+00:00,0.037833
2026-07-01T23:54:10.262+00:00,SHORT,SPX,2,100,DOWN,,HOLD,SHORT,SHORT,5m HOLD 50% RSI30 DOWN · 15m SHORT 67% RSI49 DOWN · 1h SHORT 100% RSI53 DOWN,0.174952,2026-07-02T00:25:02.5+00:00,0.35134
2026-07-02T00:25:07.288+00:00,SHORT,PENGU,3,100,DOWN,,SHORT,SHORT,SHORT,5m SHORT 67% RSI41 DOWN · 15m SHORT 57% RSI38 DOWN · 1h SHORT 100% RSI46 DOWN,0.218658,2026-07-02T00:35:14.534+00:00,0.006123
2026-07-02T00:35:18.507+00:00,SHORT,BERA,2,100,DOWN,,HOLD,SHORT,SHORT,5m HOLD 50% RSI0 DOWN · 15m SHORT 67% RSI42 DOWN · 1h SHORT 100% RSI51 DOWN,,,0.20214
2026-07-02T09:01:06.823+00:00,LONG,HYPE,2,67,UP,,HOLD,LONG,LONG,5m HOLD 0% RSI50 SIDEWAYS · 15m LONG 75% RSI51 UP · 1h LONG 100% RSI48 UP,0.25833,2026-07-02T09:44:12.183+00:00,63.5735
2026-07-02T15:41:03.628+00:00,LONG,ZEC,2,67,UP,,LONG,HOLD,LONG,5m LONG 100% RSI44 DOWN · 15m HOLD 50% RSI32 DOWN · 1h LONG 100% RSI71 UP,0.0469,2026-07-02T16:14:13.187+00:00,439.01
2026-07-02T16:15:22.165+00:00,LONG,STRK,3,67,UP,,LONG,LONG,LONG,5m LONG 67% RSI47 DOWN · 15m LONG 67% RSI38 DOWN · 1h LONG 100% RSI55 UP,0.36818,2026-07-02T17:41:19.443+00:00,0.03042
2026-07-02T16:33:13.375+00:00,SHORT,YGG,2,100,DOWN,,HOLD,SHORT,SHORT,5m HOLD 50% RSI0 DOWN · 15m SHORT 67% RSI42 DOWN · 1h SHORT 100% RSI49 DOWN,-2.837305,2026-07-03T17:38:10.739+00:00,0.022494
2026-07-02T17:44:32.137+00:00,LONG,TRX,2,67,UP,,HOLD,LONG,LONG,5m HOLD 0% RSI50 SIDEWAYS · 15m LONG 100% RSI36 SIDEWAYS · 1h LONG 100% RSI61 UP,,,0.31773
2026-07-04T09:26:43.709+00:00,SHORT,MANTA,2,100,DOWN,,HOLD,SHORT,SHORT,5m HOLD 50% RSI5 DOWN · 15m SHORT 67% RSI49 DOWN · 1h SHORT 100% RSI53 DOWN,0.6981,2026-07-04T10:12:45.797+00:00,0.06287
2026-07-04T09:26:47.507+00:00,SHORT,HYPER,2,100,DOWN,,HOLD,SHORT,SHORT,5m HOLD 50% RSI0 DOWN · 15m SHORT 57% RSI33 DOWN · 1h SHORT 100% RSI32 DOWN,1.122099,2026-07-04T09:38:32.298+00:00,0.079404
2026-07-04T09:38:49.195+00:00,SHORT,DOGE,2,100,DOWN,,SHORT,SHORT,SHORT,5m SHORT 67% RSI41 DOWN · 15m SHORT 57% RSI34 DOWN · 1h SHORT 100% RSI46 DOWN,-0.337146,2026-07-04T10:52:13.713+00:00,0.076714
2026-07-04T10:36:32.198+00:00,SHORT,KAS,2,100,DOWN,,LONG,HOLD,SHORT,5m LONG 64% RSI18 DOWN · 15m HOLD 50% RSI29 DOWN · 1h SHORT 100% RSI48 DOWN,-0.467606,2026-07-04T14:43:05.983+00:00,0.031158
2026-07-04T20:56:33.061+00:00,LONG,ZEC,2,67,UP,,LONG,HOLD,LONG,5m LONG 100% RSI39 SIDEWAYS · 15m HOLD 50% RSI54 UP · 1h LONG 100% RSI68 UP,0.3384,2026-07-04T21:04:19.361+00:00,467.655
2026-07-04T21:36:55.934+00:00,LONG,ZEC,2,67,UP,,HOLD,LONG,LONG,5m HOLD 0% RSI50 SIDEWAYS · 15m LONG 75% RSI52 UP · 1h LONG 100% RSI68 UP,,,470.635
2026-07-05T02:49:18.329+00:00,SHORT,ETH,2,100,DOWN,,SHORT,HOLD,SHORT,5m SHORT 57% RSI35 DOWN · 15m HOLD 50% RSI22 DOWN · 1h SHORT 100% RSI47 DOWN,0.53694,2026-07-05T09:39:58.903+00:00,1758.35
2026-07-05T12:05:44.618+00:00,SHORT,ETH,3,100,DOWN,,SHORT,SHORT,SHORT,5m SHORT 57% RSI34 DOWN · 15m SHORT 57% RSI36 DOWN · 1h SHORT 100% RSI28 DOWN,,,1757.85
2026-07-05T22:01:48.432+00:00,LONG,CFX,2,100,UP,,SHORT,LONG,LONG,5m SHORT 78% RSI71 UP · 15m LONG 100% RSI52 UP · 1h LONG 100% RSI58 UP,0.25578,2026-07-05T22:17:32.069+00:00,0.045227
2026-07-05T23:00:48.227+00:00,LONG,AXS,2,100,UP,,LONG,HOLD,LONG,5m LONG 75% RSI59 UP · 15m HOLD 50% RSI63 UP · 1h LONG 100% RSI65 UP,,,1.029
2026-07-06T09:31:47.03+00:00,SHORT,KAS,2,100,DOWN,,HOLD,SHORT,SHORT,5m HOLD 50% RSI14 DOWN · 15m SHORT 67% RSI42 DOWN · 1h SHORT 100% RSI28 DOWN,0.300934,2026-07-06T12:47:09.518+00:00,0.030352
2026-07-06T12:47:27.764+00:00,SHORT,DASH,3,100,DOWN,,SHORT,SHORT,SHORT,5m SHORT 57% RSI33 DOWN · 15m SHORT 57% RSI34 DOWN · 1h SHORT 100% RSI29 DOWN,0.40015,2026-07-06T13:02:43.203+00:00,34.306
2026-07-06T13:02:59.184+00:00,SHORT,SOL,3,100,DOWN,,SHORT,SHORT,SHORT,5m SHORT 57% RSI34 DOWN · 15m SHORT 57% RSI33 DOWN · 1h SHORT 100% RSI30 DOWN,,,79.2995
2026-07-06T17:54:52.616+00:00,SHORT,KAS,3,100,DOWN,,SHORT,SHORT,SHORT,5m SHORT 57% RSI36 DOWN · 15m SHORT 67% RSI45 DOWN · 1h SHORT 100% RSI35 DOWN,0.321204,2026-07-07T01:50:34.325+00:00,0.030188
2026-07-07T02:24:16.269+00:00,SHORT,VIRTUAL,3,100,DOWN,,SHORT,SHORT,SHORT,5m SHORT 67% RSI43 DOWN · 15m SHORT 57% RSI32 DOWN · 1h SHORT 60% RSI63 DOWN,0.2924,2026-07-07T02:28:37.438+00:00,0.54554
2026-07-07T02:46:00.052+00:00,SHORT,AR,2,100,DOWN,,SHORT,HOLD,SHORT,5m SHORT 100% RSI48 DOWN · 15m HOLD 50% RSI29 DOWN · 1h SHORT 100% RSI56 DOWN,0.333576,2026-07-07T02:51:43.419+00:00,2.0061
2026-07-07T02:52:01.558+00:00,SHORT,HBAR,2,100,DOWN,,HOLD,SHORT,SHORT,5m HOLD 50% RSI18 DOWN · 15m SHORT 67% RSI40 DOWN · 1h SHORT 100% RSI46 DOWN,0.287616,2026-07-07T03:45:12.77+00:00,0.072373
2026-07-07T04:39:52.936+00:00,SHORT,LIT,3,100,DOWN,,SHORT,SHORT,SHORT,5m SHORT 67% RSI50 DOWN · 15m SHORT 67% RSI48 DOWN · 1h SHORT 100% RSI53 DOWN,0.4284,2026-07-07T08:56:14.575+00:00,2.54195
2026-07-07T08:56:29.89+00:00,SHORT,FARTCOIN,3,100,DOWN,,SHORT,SHORT,SHORT,5m SHORT 67% RSI43 DOWN · 15m SHORT 67% RSI60 DOWN · 1h SHORT 100% RSI39 DOWN,-0.0231,2026-07-07T10:31:36.993+00:00,0.16059
2026-07-07T10:47:33.168+00:00,LONG,MANTA,2,100,UP,,SHORT,LONG,LONG,5m SHORT 75% RSI89 UP · 15m LONG 100% RSI40 UP · 1h LONG 100% RSI58 UP,0.231608,2026-07-07T11:05:34.579+00:00,0.06251
2026-07-07T11:06:20.315+00:00,SHORT,XRP,2,100,DOWN,,SHORT,HOLD,SHORT,5m SHORT 57% RSI36 DOWN · 15m HOLD 50% RSI26 DOWN · 1h SHORT 100% RSI23 DOWN,0.4634,2026-07-07T11:11:26.874+00:00,1.12085
2026-07-07T13:01:45.279+00:00,SHORT,PUMP,3,100,DOWN,,SHORT,SHORT,SHORT,5m SHORT 67% RSI44 DOWN · 15m SHORT 57% RSI37 DOWN · 1h SHORT 100% RSI51 DOWN,0.113954,2026-07-07T13:04:32.012+00:00,0.001632
2026-07-07T13:05:24.076+00:00,SHORT,XLM,3,100,DOWN,,SHORT,SHORT,SHORT,5m SHORT 67% RSI44 DOWN · 15m SHORT 67% RSI44 DOWN · 1h SHORT 100% RSI19 DOWN,0.32093,2026-07-07T13:16:21.617+00:00,0.193695
2026-07-07T13:17:30.753+00:00,SHORT,COMP,2,100,DOWN,,HOLD,SHORT,SHORT,5m HOLD 50% RSI16 DOWN · 15m SHORT 67% RSI48 DOWN · 1h SHORT 100% RSI45 DOWN,0.26313,2026-07-07T13:25:39.136+00:00,17.3105
2026-07-07T14:00:31.403+00:00,SHORT,PEOPLE,2,100,DOWN,,SHORT,HOLD,SHORT,5m SHORT 75% RSI0 DOWN · 15m HOLD 50% RSI0 DOWN · 1h SHORT 100% RSI30 DOWN,0.21234,2026-07-07T14:36:55.73+00:00,0.005244
2026-07-07T17:05:57.076+00:00,SHORT,ZK,2,100,DOWN,,HOLD,SHORT,SHORT,5m HOLD 50% RSI7 DOWN · 15m SHORT 67% RSI40 DOWN · 1h SHORT 100% RSI59 DOWN,0.245137,2026-07-07T17:11:27.222+00:00,0.011024
2026-07-07T17:11:58.188+00:00,LONG,PAXG,2,67,UP,,HOLD,LONG,LONG,5m HOLD 0% RSI50 SIDEWAYS · 15m LONG 100% RSI30 SIDEWAYS · 1h LONG 100% RSI57 UP,,,4137.95
2026-07-12T17:22:03.37+00:00,SHORT,BTC,3,75,SIDEWAYS,SHORT,SHORT,HOLD,SHORT,1m SHORT 100% RSI59 SIDEWAYS · 5m SHORT 100% RSI60 SIDEWAYS · 15m HOLD 50% RSI58 UP · 1h SHORT 100% RSI47 SIDEWAYS,0.26156,2026-07-12T18:38:55.293+00:00,64144.5
2026-07-12T18:42:00.208+00:00,SHORT,BTC,2,50,SIDEWAYS,HOLD,SHORT,HOLD,SHORT,1m HOLD 50% RSI88 UP · 5m SHORT 100% RSI48 SIDEWAYS · 15m HOLD 50% RSI46 UP · 1h SHORT 100% RSI56 SIDEWAYS,1.35456,2026-07-12T21:38:28.472+00:00,64135.5
2026-07-12T22:30:23.66+00:00,SHORT,BTC,3,50,DOWN,SHORT,SHORT,HOLD,SHORT,1m SHORT 100% RSI53 SIDEWAYS · 5m SHORT 80% RSI34 DOWN · 15m HOLD 0% RSI50 SIDEWAYS · 1h SHORT 67% RSI42 DOWN,1.59408,2026-07-12T22:52:40.293+00:00,63861.5
2026-07-12T22:58:55.683+00:00,SHORT,ETH,2,100,SIDEWAYS,SHORT,HOLD,HOLD,SHORT,1m SHORT 100% RSI66 SIDEWAYS · 5m HOLD 0% RSI50 SIDEWAYS · 15m HOLD 0% RSI50 SIDEWAYS · 1h SHORT 100% RSI50 SIDEWAYS,0.6498,2026-07-12T23:18:37.741+00:00,1805.25
2026-07-12T23:28:23.043+00:00,SHORT,BTC,2,50,DOWN,SHORT,HOLD,HOLD,SHORT,1m SHORT 100% RSI45 SIDEWAYS · 5m HOLD 0% RSI50 SIDEWAYS · 15m HOLD 50% RSI23 DOWN · 1h SHORT 67% RSI45 DOWN,2.62104,2026-07-13T01:30:11.141+00:00,63810.5
2026-07-13T01:46:06.46+00:00,SHORT,BTC,1,75,DOWN,SHORT,HOLD,HOLD,HOLD,1m SHORT 100% RSI57 SIDEWAYS · 5m HOLD 0% RSI50 SIDEWAYS · 15m HOLD 0% RSI50 SIDEWAYS · 1h HOLD 50% RSI40 DOWN,4.84651,2026-07-13T02:03:43.555+00:00,63665.5
2026-07-13T02:13:19.357+00:00,SHORT,ZEC,3,50,SIDEWAYS,SHORT,HOLD,SHORT,SHORT,1m SHORT 100% RSI61 SIDEWAYS · 5m HOLD 50% RSI35 DOWN · 15m SHORT 67% RSI40 DOWN · 1h SHORT 100% RSI54 SIDEWAYS,2.2532,2026-07-13T02:52:49.992+00:00,528.245
2026-07-13T02:56:53.111+00:00,SHORT,ETH,3,50,SIDEWAYS,SHORT,HOLD,SHORT,SHORT,1m SHORT 67% RSI36 SIDEWAYS · 5m HOLD 50% RSI43 DOWN · 15m SHORT 100% RSI52 DOWN · 1h SHORT 100% RSI51 SIDEWAYS,7.33785,2026-07-13T03:15:51.295+00:00,1809.35
2026-07-13T03:16:24.101+00:00,SHORT,BTC,1,100,DOWN,SHORT,HOLD,HOLD,HOLD,1m SHORT 80% RSI31 DOWN · 5m HOLD 50% RSI37 DOWN · 15m HOLD 50% RSI36 DOWN · 1h HOLD 50% RSI28 DOWN,3.2248,2026-07-13T03:32:59.452+00:00,63105.5
2026-07-13T04:14:10.363+00:00,SHORT,BTC,1,75,DOWN,SHORT,HOLD,HOLD,HOLD,1m SHORT 100% RSI54 SIDEWAYS · 5m HOLD 0% RSI50 SIDEWAYS · 15m HOLD 0% RSI50 SIDEWAYS · 1h HOLD 50% RSI20 DOWN,2.36184,2026-07-13T04:44:50.015+00:00,62836.5
2026-07-13T05:02:49.825+00:00,SHORT,BTC,1,75,DOWN,SHORT,HOLD,HOLD,HOLD,1m SHORT 100% RSI48 DOWN · 5m HOLD 0% RSI50 SIDEWAYS · 15m HOLD 50% RSI16 DOWN · 1h HOLD 50% RSI19 DOWN,2.14129,2026-07-13T12:13:27.355+00:00,62760.5
2026-07-13T12:14:17.314+00:00,SHORT,ETH,2,100,DOWN,SHORT,SHORT,HOLD,HOLD,1m SHORT 100% RSI49 DOWN · 5m SHORT 100% RSI47 DOWN · 15m HOLD 50% RSI27 DOWN · 1h HOLD 50% RSI38 DOWN,4.33925,2026-07-13T13:01:21.934+00:00,1780.75
2026-07-13T14:00:49.013+00:00,SHORT,ETH,3,50,DOWN,SHORT,SHORT,SHORT,HOLD,1m SHORT 100% RSI64 SIDEWAYS · 5m SHORT 100% RSI54 SIDEWAYS · 15m SHORT 67% RSI33 DOWN · 1h HOLD 50% RSI34 DOWN,1.4283,2026-07-13T14:11:33.673+00:00,1773.65
2026-07-13T14:01:48.498+00:00,SHORT,BTC,1,75,DOWN,SHORT,HOLD,HOLD,HOLD,1m SHORT 100% RSI54 SIDEWAYS · 5m HOLD 50% RSI36 DOWN · 15m HOLD 50% RSI24 DOWN · 1h HOLD 50% RSI27 DOWN,6.78917,2026-07-13T18:52:13.549+00:00,62351.5
2026-07-13T14:44:10.609+00:00,LONG,ZEC,2,100,SIDEWAYS,HOLD,HOLD,LONG,LONG,1m HOLD 0% RSI50 SIDEWAYS · 5m HOLD 0% RSI50 SIDEWAYS · 15m LONG 100% RSI43 SIDEWAYS · 1h LONG 100% RSI30 SIDEWAYS,1.225,2026-07-13T14:50:32.369+00:00,512.88
2026-07-13T14:54:36.053+00:00,SHORT,ETH,1,50,DOWN,HOLD,SHORT,HOLD,HOLD,1m HOLD 50% RSI55 UP · 5m SHORT 100% RSI63 SIDEWAYS · 15m HOLD 50% RSI40 DOWN · 1h HOLD 50% RSI23 DOWN,5.80348,2026-07-13T18:49:48.689+00:00,1775.25
2026-07-13T20:26:43.806+00:00,SHORT,XPL,4,100,DOWN,SHORT,SHORT,SHORT,SHORT,1m SHORT 80% RSI38 DOWN · 5m SHORT 67% RSI45 DOWN · 15m SHORT 67% RSI45 DOWN · 1h SHORT 100% RSI51 DOWN,1.103069,2026-07-13T20:53:28.215+00:00,0.088785
2026-07-13T21:56:17.384+00:00,SHORT,XRP,3,75,DOWN,SHORT,SHORT,SHORT,HOLD,1m SHORT 100% RSI73 SIDEWAYS · 5m SHORT 100% RSI42 DOWN · 15m SHORT 67% RSI47 DOWN · 1h HOLD 50% RSI31 DOWN,-20.597,2026-07-14T12:35:56.029+00:00,1.05815
2026-07-13T23:52:52.094+00:00,SHORT,SOL,2,75,DOWN,HOLD,SHORT,SHORT,HOLD,1m HOLD 0% RSI50 SIDEWAYS · 5m SHORT 100% RSI63 SIDEWAYS · 15m SHORT 100% RSI48 SIDEWAYS · 1h HOLD 50% RSI34 DOWN,1.22705,2026-07-14T03:17:01.431+00:00,74.8605
2026-07-14T05:35:34.829+00:00,LONG,ZEC,3,50,SIDEWAYS,LONG,LONG,HOLD,LONG,1m LONG 100% RSI48 SIDEWAYS · 5m LONG 100% RSI57 UP · 15m HOLD 50% RSI69 UP · 1h LONG 100% RSI50 SIDEWAYS,1.0488,2026-07-14T11:17:19.916+00:00,508.055
2026-07-14T05:39:33.777+00:00,LONG,SOL,3,75,SIDEWAYS,LONG,HOLD,LONG,LONG,1m LONG 100% RSI25 SIDEWAYS · 5m HOLD 0% RSI50 SIDEWAYS · 15m LONG 67% RSI54 UP · 1h LONG 100% RSI45 SIDEWAYS,0.8216,2026-07-14T11:10:08.993+00:00,75.3215
2026-07-14T17:03:06.051+00:00,SHORT,CASHCAT,3,100,SIDEWAYS,SHORT,HOLD,SHORT,SHORT,1m SHORT 100% RSI56 SIDEWAYS · 5m HOLD 0% RSI50 SIDEWAYS · 15m SHORT 67% RSI36 SIDEWAYS · 1h SHORT 100% RSI48 SIDEWAYS,5.014976,2026-07-14T17:25:13.383+00:00,0.16984
2026-07-14T17:09:06.744+00:00,SHORT,WLD,3,100,SIDEWAYS,SHORT,HOLD,SHORT,SHORT,1m SHORT 100% RSI57 SIDEWAYS · 5m HOLD 0% RSI50 SIDEWAYS · 15m SHORT 100% RSI48 SIDEWAYS · 1h SHORT 100% RSI70 SIDEWAYS,1.85736,2026-07-14T22:19:17.436+00:00,0.41153
2026-07-14T19:41:11.843+00:00,SHORT,FARTCOIN,3,100,SIDEWAYS,HOLD,SHORT,SHORT,SHORT,1m HOLD 0% RSI50 SIDEWAYS · 5m SHORT 100% RSI60 SIDEWAYS · 15m SHORT 100% RSI41 SIDEWAYS · 1h SHORT 100% RSI73 SIDEWAYS,1.3481,2026-07-14T20:17:12.625+00:00,0.14399
2026-07-14T19:41:15.023+00:00,SHORT,TAO,3,100,SIDEWAYS,HOLD,SHORT,SHORT,SHORT,1m HOLD 0% RSI50 SIDEWAYS · 5m SHORT 100% RSI64 SIDEWAYS · 15m SHORT 100% RSI45 SIDEWAYS · 1h SHORT 100% RSI60 SIDEWAYS,1.90233,2026-07-14T22:21:02.876+00:00,203.195
2026-07-14T22:26:06.297+00:00,SHORT,SPX,3,100,SIDEWAYS,SHORT,LONG,SHORT,SHORT,1m SHORT 100% RSI86 SIDEWAYS · 5m LONG 100% RSI46 SIDEWAYS · 15m SHORT 100% RSI44 SIDEWAYS · 1h SHORT 100% RSI73 SIDEWAYS,1.072032,2026-07-15T16:43:05.826+00:00,0.3728
2026-07-14T23:09:05.896+00:00,SHORT,HYPE,3,50,SIDEWAYS,SHORT,SHORT,HOLD,SHORT,1m SHORT 80% RSI45 DOWN · 5m SHORT 67% RSI53 SIDEWAYS · 15m HOLD 50% RSI58 UP · 1h SHORT 100% RSI77 SIDEWAYS,1.37223,2026-07-15T01:20:13.681+00:00,65.6815
2026-07-15T00:31:19.232+00:00,SHORT,CRV,3,100,SIDEWAYS,SHORT,LONG,SHORT,SHORT,1m SHORT 100% RSI43 SIDEWAYS · 5m LONG 100% RSI48 SIDEWAYS · 15m SHORT 100% RSI61 SIDEWAYS · 1h SHORT 100% RSI56 SIDEWAYS,1.273041,2026-07-15T01:55:12.64+00:00,0.22353
2026-07-15T01:26:20.745+00:00,SHORT,NEAR,3,75,SIDEWAYS,SHORT,HOLD,SHORT,SHORT,1m SHORT 100% RSI78 SIDEWAYS · 5m HOLD 0% RSI50 SIDEWAYS · 15m SHORT 100% RSI45 DOWN · 1h SHORT 100% RSI60 SIDEWAYS,1.136576,2026-07-15T08:09:01.853+00:00,2.0101
2026-07-15T02:13:32.966+00:00,SHORT,UNI,3,75,SIDEWAYS,SHORT,HOLD,SHORT,SHORT,1m SHORT 100% RSI70 SIDEWAYS · 5m HOLD 0% RSI50 SIDEWAYS · 15m SHORT 100% RSI46 DOWN · 1h SHORT 100% RSI40 SIDEWAYS,1.7069,2026-07-15T02:39:27.913+00:00,3.65775
2026-07-15T03:15:27.015+00:00,SHORT,UNI,3,100,SIDEWAYS,HOLD,SHORT,SHORT,SHORT,1m HOLD 0% RSI50 SIDEWAYS · 5m SHORT 100% RSI59 SIDEWAYS · 15m SHORT 100% RSI48 SIDEWAYS · 1h SHORT 100% RSI46 SIDEWAYS,2.091999,2026-07-15T07:11:02.446+00:00,3.6614
2026-07-15T10:12:20.728+00:00,SHORT,LIT,2,75,SIDEWAYS,HOLD,SHORT,HOLD,SHORT,1m HOLD 0% RSI50 SIDEWAYS · 5m SHORT 100% RSI40 SIDEWAYS · 15m HOLD 50% RSI45 DOWN · 1h SHORT 100% RSI49 SIDEWAYS,1.1013,2026-07-15T11:06:10.734+00:00,2.5964
2026-07-15T10:41:18.143+00:00,SHORT,AAVE,3,75,SIDEWAYS,SHORT,HOLD,SHORT,SHORT,1m SHORT 100% RSI47 DOWN · 5m HOLD 0% RSI50 SIDEWAYS · 15m SHORT 100% RSI54 SIDEWAYS · 1h SHORT 100% RSI43 SIDEWAYS,2.28738,2026-07-15T14:28:16.425+00:00,98.341
2026-07-15T11:15:04.896+00:00,SHORT,XPL,3,100,SIDEWAYS,HOLD,SHORT,SHORT,SHORT,1m HOLD 0% RSI50 SIDEWAYS · 5m SHORT 100% RSI50 SIDEWAYS · 15m SHORT 100% RSI72 SIDEWAYS · 1h SHORT 67% RSI51 SIDEWAYS,4.714388,2026-07-15T14:02:14.619+00:00,0.093677
2026-07-15T14:17:06.046+00:00,LONG,CRV,3,75,SIDEWAYS,LONG,HOLD,LONG,LONG,1m LONG 100% RSI50 SIDEWAYS · 5m HOLD 0% RSI50 SIDEWAYS · 15m LONG 100% RSI55 DOWN · 1h LONG 100% RSI38 SIDEWAYS,-11.072581,2026-07-16T08:09:13.657+00:00,0.21964
2026-07-15T14:40:28.435+00:00,SHORT,CC,3,100,SIDEWAYS,HOLD,SHORT,SHORT,SHORT,1m HOLD 0% RSI50 SIDEWAYS · 5m SHORT 67% RSI36 SIDEWAYS · 15m SHORT 100% RSI53 SIDEWAYS · 1h SHORT 100% RSI48 SIDEWAYS,0.047995,2026-07-15T15:00:08.287+00:00,0.138485
2026-07-15T15:14:15.157+00:00,LONG,CASHCAT,2,100,SIDEWAYS,LONG,LONG,HOLD,HOLD,1m LONG 100% RSI22 SIDEWAYS · 5m LONG 100% RSI39 SIDEWAYS · 15m HOLD 0% RSI50 SIDEWAYS · 1h HOLD 0% RSI50 SIDEWAYS,-24.21568,2026-07-15T18:47:42.572+00:00,0.126825
2026-07-15T18:45:18.394+00:00,LONG,AAVE,3,75,SIDEWAYS,HOLD,LONG,LONG,LONG,1m HOLD 50% RSI18 DOWN · 5m LONG 100% RSI52 DOWN · 15m LONG 100% RSI50 DOWN · 1h LONG 100% RSI40 SIDEWAYS,-0.0552,2026-07-15T19:20:19.309+00:00,96.6605
2026-07-15T19:47:00.808+00:00,LONG,SOL,2,75,SIDEWAYS,HOLD,HOLD,LONG,LONG,1m HOLD 0% RSI50 SIDEWAYS · 5m HOLD 50% RSI21 DOWN · 15m LONG 100% RSI45 SIDEWAYS · 1h LONG 100% RSI37 SIDEWAYS,1.55944,2026-07-15T20:35:17.177+00:00,77.1885
2026-07-15T20:36:21.791+00:00,LONG,AAVE,3,75,SIDEWAYS,LONG,HOLD,LONG,LONG,1m LONG 100% RSI46 UP · 5m HOLD 0% RSI50 SIDEWAYS · 15m LONG 100% RSI60 SIDEWAYS · 1h LONG 100% RSI41 SIDEWAYS,-9.3485,2026-07-16T08:09:22.435+00:00,96.9075
2026-07-15T20:38:17.06+00:00,LONG,SUI,3,100,SIDEWAYS,LONG,SHORT,LONG,LONG,1m LONG 100% RSI35 SIDEWAYS · 5m SHORT 100% RSI68 SIDEWAYS · 15m LONG 100% RSI58 SIDEWAYS · 1h LONG 100% RSI46 SIDEWAYS,1.593322,2026-07-15T22:56:19.749+00:00,0.75209
2026-07-15T22:56:23.089+00:00,LONG,HYPE,2,75,SIDEWAYS,HOLD,HOLD,LONG,LONG,1m HOLD 0% RSI50 SIDEWAYS · 5m HOLD 0% RSI50 SIDEWAYS · 15m LONG 100% RSI50 DOWN · 1h LONG 100% RSI49 SIDEWAYS,-4.86486,2026-07-16T08:09:27.133+00:00,67.0345
2026-07-16T11:35:09.856+00:00,LONG,ETH,3,75,SIDEWAYS,SHORT,LONG,LONG,LONG,1m SHORT 100% RSI49 DOWN · 5m LONG 100% RSI41 DOWN · 15m LONG 100% RSI46 DOWN · 1h LONG 100% RSI27 SIDEWAYS,0.4305,2026-07-16T13:38:08.094+00:00,1884.35
2026-07-16T11:35:27.72+00:00,LONG,ZEC,2,75,SIDEWAYS,HOLD,LONG,HOLD,LONG,1m HOLD 0% RSI50 SIDEWAYS · 5m LONG 100% RSI57 SIDEWAYS · 15m HOLD 50% RSI22 DOWN · 1h LONG 100% RSI21 SIDEWAYS,1.8081,2026-07-16T12:37:22.06+00:00,547.565
2026-07-16T11:36:32.349+00:00,LONG,HYPE,3,50,SIDEWAYS,LONG,LONG,SHORT,LONG,1m LONG 100% RSI46 SIDEWAYS · 5m LONG 100% RSI43 DOWN · 15m SHORT 67% RSI50 DOWN · 1h LONG 100% RSI28 SIDEWAYS,1.07844,2026-07-16T14:32:05.497+00:00,65.7725
2026-07-16T12:58:22.903+00:00,SHORT,BTC,3,75,DOWN,SHORT,SHORT,SHORT,HOLD,1m SHORT 100% RSI64 SIDEWAYS · 5m SHORT 67% RSI42 DOWN · 15m SHORT 67% RSI46 DOWN · 1h HOLD 50% RSI30 DOWN,2.12076,2026-07-17T02:08:08.434+00:00,63954.5
2026-07-16T13:50:21.326+00:00,SHORT,CASHCAT,2,100,SIDEWAYS,SHORT,HOLD,SHORT,HOLD,1m SHORT 100% RSI42 SIDEWAYS · 5m HOLD 0% RSI50 SIDEWAYS · 15m SHORT 100% RSI62 SIDEWAYS · 1h HOLD 0% RSI50 SIDEWAYS,2.865863,2026-07-16T14:15:39.06+00:00,0.098886
2026-07-16T14:15:43.187+00:00,SHORT,ETH,2,100,SIDEWAYS,HOLD,SHORT,SHORT,LONG,1m HOLD 0% RSI50 SIDEWAYS · 5m SHORT 100% RSI73 SIDEWAYS · 15m SHORT 100% RSI50 SIDEWAYS · 1h LONG 100% RSI37 SIDEWAYS,0.761358,2026-07-16T14:31:51.011+00:00,1888.65
2026-07-16T15:27:44.161+00:00,LONG,ETH,2,100,SIDEWAYS,SHORT,HOLD,LONG,LONG,1m SHORT 100% RSI90 SIDEWAYS · 5m HOLD 0% RSI50 SIDEWAYS · 15m LONG 100% RSI49 SIDEWAYS · 1h LONG 100% RSI28 SIDEWAYS,,,1891.35
2026-07-16T16:36:10.883+00:00,LONG,BTC,2,100,SIDEWAYS,LONG,HOLD,HOLD,LONG,1m LONG 67% RSI61 SIDEWAYS · 5m HOLD 50% RSI27 SIDEWAYS · 15m HOLD 50% RSI62 SIDEWAYS · 1h LONG 100% RSI48 SIDEWAYS,,,64510.5
2026-07-16T17:45:22.867+00:00,LONG,XRP,3,100,SIDEWAYS,LONG,HOLD,LONG,LONG,1m LONG 100% RSI55 SIDEWAYS · 5m HOLD 0% RSI50 SIDEWAYS · 15m LONG 100% RSI40 SIDEWAYS · 1h LONG 100% RSI41 SIDEWAYS,,,1.10365
2026-07-17T00:45:51.991+00:00,SHORT,BTC,3,50,DOWN,SHORT,SHORT,HOLD,SHORT,1m SHORT 100% RSI61 SIDEWAYS · 5m SHORT 100% RSI57 SIDEWAYS · 15m HOLD 50% RSI21 DOWN · 1h SHORT 67% RSI41 DOWN,1.67696,2026-07-17T05:38:56.819+00:00,63849.5
2026-07-17T00:58:53.49+00:00,SHORT,ETH,3,50,DOWN,SHORT,SHORT,SHORT,HOLD,1m SHORT 100% RSI85 SIDEWAYS · 5m SHORT 100% RSI54 SIDEWAYS · 15m SHORT 80% RSI34 DOWN · 1h HOLD 50% RSI33 DOWN,0.57354,2026-07-17T01:25:01.709+00:00,1865.25
2026-07-17T01:55:05.977+00:00,SHORT,ETH,1,100,DOWN,HOLD,SHORT,HOLD,HOLD,1m HOLD 50% RSI18 DOWN · 5m SHORT 67% RSI40 DOWN · 15m HOLD 50% RSI27 DOWN · 1h HOLD 50% RSI30 DOWN,0.3759,2026-07-17T02:46:31.247+00:00,1849.05
2026-07-17T02:49:04.33+00:00,SHORT,BTC,1,75,DOWN,HOLD,HOLD,HOLD,SHORT,1m HOLD 50% RSI37 DOWN · 5m HOLD 50% RSI27 DOWN · 15m HOLD 0% RSI50 SIDEWAYS · 1h SHORT 67% RSI40 DOWN,0.4023,2026-07-17T07:25:22.717+00:00,63410.5
2026-07-17T02:57:22.466+00:00,SHORT,SOL,3,75,DOWN,SHORT,SHORT,SHORT,HOLD,1m SHORT 100% RSI52 SIDEWAYS · 5m SHORT 67% RSI42 DOWN · 15m SHORT 67% RSI43 DOWN · 1h HOLD 50% RSI36 DOWN,0.42149,2026-07-17T05:29:56.753+00:00,74.931
2026-07-17T06:05:16.191+00:00,SHORT,ETH,1,50,DOWN,SHORT,HOLD,HOLD,HOLD,1m SHORT 100% RSI50 SIDEWAYS · 5m HOLD 0% RSI50 SIDEWAYS · 15m HOLD 50% RSI32 DOWN · 1h HOLD 50% RSI23 DOWN,0.7141,2026-07-17T08:41:07.601+00:00,1827.35
2026-07-17T06:28:31.54+00:00,SHORT,BTC,1,75,DOWN,SHORT,HOLD,HOLD,HOLD,1m SHORT 100% RSI60 SIDEWAYS · 5m HOLD 50% RSI19 DOWN · 15m HOLD 50% RSI28 DOWN · 1h HOLD 50% RSI16 DOWN,0.20631,2026-07-17T08:23:24.626+00:00,62915.5
2026-07-17T08:06:16.516+00:00,SHORT,BTC,1,75,DOWN,SHORT,HOLD,HOLD,HOLD,1m SHORT 80% RSI36 DOWN · 5m HOLD 0% RSI50 SIDEWAYS · 15m HOLD 50% RSI22 DOWN · 1h HOLD 50% RSI16 DOWN,0.673982,2026-07-17T13:24:23.661+00:00,62864.5
2026-07-17T09:13:43.605+00:00,SHORT,ETH,1,75,DOWN,HOLD,SHORT,HOLD,HOLD,1m HOLD 0% RSI50 SIDEWAYS · 5m SHORT 100% RSI51 SIDEWAYS · 15m HOLD 0% RSI50 SIDEWAYS · 1h HOLD 50% RSI24 DOWN,0.91954,2026-07-17T13:03:43.083+00:00,1830.85
2026-07-17T09:36:06.879+00:00,SHORT,BTC,1,50,DOWN,SHORT,HOLD,HOLD,HOLD,1m SHORT 100% RSI69 UP · 5m HOLD 0% RSI50 SIDEWAYS · 15m HOLD 50% RSI58 DOWN · 1h HOLD 50% RSI20 DOWN,-4.0934,2026-07-17T14:01:07.077+00:00,62972.5
2026-07-17T13:51:12.677+00:00,SHORT,ETH,1,75,DOWN,HOLD,SHORT,HOLD,HOLD,1m HOLD 0% RSI50 SIDEWAYS · 5m SHORT 80% RSI33 DOWN · 15m HOLD 50% RSI29 DOWN · 1h HOLD 50% RSI23 DOWN,,,1814.85
2026-07-17T13:53:47.876+00:00,SHORT,SOL,3,75,DOWN,SHORT,SHORT,SHORT,HOLD,1m SHORT 100% RSI83 SIDEWAYS · 5m SHORT 80% RSI37 DOWN · 15m SHORT 80% RSI35 DOWN · 1h HOLD 50% RSI30 DOWN,,,73.9585
2026-07-17T13:54:28.812+00:00,SHORT,BTC,3,75,DOWN,SHORT,SHORT,SHORT,HOLD,1m SHORT 100% RSI75 SIDEWAYS · 5m SHORT 80% RSI38 DOWN · 15m SHORT 67% RSI43 DOWN · 1h HOLD 50% RSI29 DOWN,,,62863.5
